acl_id,acl_dop,acl_loadnumber,cfm_feedback_id_ps,cfm_export_ts,cfm_befragung_id,odl_id_ps,studiennummer,cfm_frage_id,cfm_frage_typ,cfm_einladung_zeitstempel_ts,cfm_befragung_status,cfm_nba_triggered,kunde_browser_typ,kunde_antwort_start_ts,kunde_antwort_ende_ts,kunde_antwort_letzte_aenderung_ts,dms_vorgangs_id_ps,ext_linkerzeugung_zeitstempel_ts,irrp_interaction_id_ps,json,bdmp_filepath,bdmp_filename,bdmp_fileentity,bdmp_filepart,bdmp_filestamp,bdmp_filetype,bdmp_fileformat_version,bdmp_partstamp,bdmp_loadstamp,bdmp_id,bdmp_area_id,bdmp_transformation_message,acl_dop_year,acl_dop_month
792181,313FJUJEYT,493670,432X2X4QB5,2022-11-21 17:46:29,8286HRR0MQ,,4100,7YE8WDKD3Q,VKYLMC5N3K,2022-11-22 19:12:53,EQU3FZFDA2,540,WTRJRWQWWQ,2022-11-20 20:10:29,2022-11-20 23:32:05,2022-11-19 03:22:29,VMZH79UZB4,2022-11-18 04:48:53,interac_202211242151_0,T66K67SQ75,OIY9OXF8X0,6JP9NM3F58,RG9VKTYCMF,UF4JCG22NP,NL9FNH4OSU,GC1CN18NWX,VIIA9S9VEN,RPMM7GJVJ9,TPBR04L0SX,3CD45LOJZ4,3438IIDIOG,RQIR9LBYIL,DR632N2AB0,2VEYXD75B2
92353,354ND3JQNU,773633,SG7XGDHMV2,2022-11-23 02:53:41,W19Z0G6534,,4100,5VHJ75A3GN,77HFY59ZYB,2022-11-19 23:32:05,VBDU5YN5JP,336,8R8IC0NPCD,2022-11-22 16:20:05,2022-11-18 06:29:41,2022-11-19 20:39:17,O4BPLH8WMK,2022-11-23 08:39:17,interac_202211242151_1,QYP6XV6E0A,DB2Q1IT2DB,7C92RM8UUJ,MRDR77X49N,PKPADHFWRD,3YOK36B2JH,CR68C71NC3,IK5VFYU0MU,UVV4T3SSU8,VU8N7XQXET,ZXU2EYC7OM,2595IYO5FF,ZCEFAW8EYV,ZLR3MPZ0R6,LZVGFUIR6B
929377,441ESL8122,994606,GIMHYBUISZ,2022-11-21 06:15:17,36U4QCY9Y3,,4100,NAWIKBZCFI,S68PZX13JG,2022-11-18 04:34:29,MUFAE6TKG1,231,JVAP2R9KO6,2022-11-21 21:08:05,2022-11-21 06:15:17,2022-11-19 22:48:53,P9XPBH3AP7,2022-11-22 02:10:29,interac_202211242151_2,8LFKZSCZIW,CQI1Z866HS,TXSLCVSHU9,H2A65ZMJWQ,LAOC90SP4D,01P7097AHN,HQ669U7NUQ,BYSW103TEX,CL2MYIE81B,CILTF0QE9L,TUPMTA7DNB,CW93K118UR,MUKBYBL0ED,Z4C3WAJ52C,ILSB8JWH1J
358864,7000CB9WMY,170943,V5L7OC1I07,2022-11-23 02:24:53,9FK6MCHSSU,,4100,NMQJ0LPG75,S4I6ZAKSN1,2022-11-21 05:32:05,MTRRKJ6LS7,170,NJGWOZFVBB,2022-11-19 09:36:53,2022-11-21 10:34:29,2022-11-23 05:17:41,T2Y98BOFPM,2022-11-23 14:10:29,interac_202211242151_3,APG7GXLSIB,S9W449VNXK,HW9GTEP1ME,ZIR8MVDXSV,NPAZ0P7O5V,LHPJTSUIC4,WG2LQC3BD4,2BRHWZRRTC,ZF9RVOA6VZ,TRUUPRJKAF,X3GYMC8TR7,P11GKP9ST9,WZYAH9N3JC,GF3W894KKI,LSVBY0XX8G
819220,FBH4F8A3R4,745699,RK3KRPF8H5,2022-11-22 02:53:41,DWK9I8R2MN,,4100,7FUSSEX32D,LMS13PF5MP,2022-11-23 18:58:29,CC79NGPSF3,591,FRTSFGHFVQ,2022-11-21 00:44:05,2022-11-23 12:29:41,2022-11-18 20:39:17,71RCYJQCS5,2022-11-20 14:53:41,interac_202211242151_4,W7KYBQD5TG,9MG7IMHLM5,ZHO2ZRDE4F,GI3WZLWVIW,VUVJGHKZ8H,3DXA83T50A,E7UWL9GX9N,AHJ2BFDP2V,WL2LFMYLBG,L4DW3G64EY,7DNR96T4FG,HHZRJAKTW0,17AULORXTP,WY42BMI4OW,02XYRY3FKE
861370,HQCMSH3BKJ,113378,Y1DGUS7KN6,2022-11-19 00:44:05,U1BDOX904C,,4201,71OLS86F2E,1Q85OQWZO2,2022-11-18 21:36:53,ZS5VD2J3SI,775,BMEE9OFEOF,2022-11-23 00:00:53,2022-11-22 22:05:41,2022-11-18 15:22:29,KXOUBTUUCP,2022-11-22 06:44:05,interac_202211242151_5,TRQYK1R79Z,KO0MIMM3RP,6EL4WSGXW1,5PS7GA7X74,T3SLJ5IOHN,39XVRMUJ1A,QYLC9IXOTX,S3KIF58SM8,EUP8UP7NTP,CQGBH5VY5P,KB0ZKO1WA5,1TCRKP8413,CYTR5ECKE9,USGVC73O6G,UYWMFKW93M
795229,SA0QJ7NLV9,279662,R6PHU5HMGA,2022-11-20 03:08:05,L9H2ZFVG3R,,4201,KMO9UG6FZB,R82C9XAAGJ,2022-11-20 22:34:29,XDNMVVC476,194,HVVASSWH6Y,2022-11-22 12:00:53,2022-11-23 09:08:05,2022-11-21 22:20:05,INDQRY59NV,2022-11-19 07:56:05,interac_202211242151_6,HVAWPDD21M,3Y4IT0YL5G,MXJVHLKXGC,R64T2XCQCC,4FWAC6F09E,7G0QFGG7VQ,YMFGCZDFNB,JUT92LDT7A,Z8JSIEYN2Z,3RVQD73MVL,GLSGBS3GWS,IBIXHWHBJ7,75FCJBMTQV,V36KPUEOYH,V0LZKSGU2Y
574209,T9CLFD6BTN,804421,0DMO5516NE,2022-11-19 21:22:29,I46KR9V4ED,,4202,ACK02MG9F3,PA8F0ZZZPS,2022-11-23 04:20:05,T6VMQ9OIJY,916,PDYIKUYW0T,2022-11-21 13:12:53,2022-11-20 04:34:29,2022-11-23 12:29:41,CNMYJ6AFSM,2022-11-20 05:46:29,interac_202211242151_7,8U0PTN908L,7KQ1DFS09D,49C587S1FS,VPIT3P9Q1C,ZFKYNSOYHI,053N9M881W,N4VM54A552,REWV9V5E82,RT6TK2CBFB,3UE8M9XTLP,ZWW2I0U0Y2,7DHPJAXAS1,LBN7F3MIMY,94A8XN8GWT,9YVVZZIBZV
64158,VCZ3FB6113,470408,0VIQQH4HE4,2022-11-22 09:36:53,Q6JHSW4MQH,,4202,GSRCURMH92,2QW5G31KFN,2022-11-18 06:00:53,2B3D83I6SX,789,86UKRREQ82,2022-11-23 15:51:17,2022-11-23 00:44:05,2022-11-19 13:41:41,U92X5XR25A,2022-11-23 01:12:53,interac_202211242151_8,E90ETTYTB8,TI4DQSY2LC,KZYMDJ1SXQ,2QSSXT6SO4,ZOGLFX3T32,Q2XV2KXEHF,LB9GO3VZ0G,NMUCT7ELX9,E4T5YCGX7H,2PSBAW0FKR,MEEEQUCOWE,87SOS2QJB4,PGZY3LFHZ2,RBX643RQXE,QL09JJBTVS
425351,ZCO13MY03Q,415348,KB9T6KTYZF,2022-11-23 02:39:17,OZBMEWCG8W,,4202,0Y2R0S2JIJ,O8HEIKE4EO,2022-11-23 08:24:53,YG20URCNR9,174,J1W3TCVTC3,2022-11-22 20:39:17,2022-11-23 05:17:41,2022-11-18 20:10:29,XNM7NGJ4LB,2022-11-22 01:27:17,interac_202211242151_9,GPS36TS7XZ,XNY33K09K8,V55IX0W4F0,I9W6E5I2K2,5EBAB8FFC8,8CG9TZFISF,3PGGKK5KOH,O0H9NYAGUS,PZ60OYS7GF,WBQD4VY1QS,9PAGQL1KTS,KN2QEENTOK,FQJY24O7CV,1BDTT1HU7S,3Z64AV5DIH
172695,40GBBWNTTS,122089,9VMCYG5V6G,2022-11-21 10:45:51,45GJ6L638I,,4100,H847ADXWQC,PKDJLUHTG8,2022-11-21 13:38:39,D9ZKOTBFS7,16,NE59M4ONIP,2022-11-17 23:29:03,2022-11-21 05:57:51,2022-11-19 03:33:51,FJX5M1ALEC,2022-11-18 02:07:27,interac_202211242202_0,MR5XFDJYTS,8SANDXMW41,BTC8PPWBE6,OK5FQ4ASHO,ZL3TM51RTY,CXTBE00ZNP,Z6KN6X9XOA,Z40L43B9C9,BEWC9W2RG3,W8DTS398ZT,K7FR5SDCKJ,59855148IF,K8G2MPRP4X,HXDI0EZOSP,U3B45MUBXM
446502,57BT9RSKEB,915454,XOJSQ3QGU1,2022-11-19 14:21:51,615LKLQXDM,,4100,MY76SPE7CN,JA0QBGOA9S,2022-11-19 13:24:15,FM8G9UTSNL,339,HD1L16VV2N,2022-11-21 19:24:15,2022-11-23 20:50:39,2022-11-23 15:19:27,RDCGBW52MR,2022-11-20 11:57:51,interac_202211242202_1,U4EOO3N50R,3G7B1TDSAB,ECSO3KW1VK,7EIAPJCSLQ,DNK8FI1Q91,0YF1W1HRRS,N89GO2GKJA,3VGYPK8E60,M6QE4XD7RO,0DD3YB770D,BWI0TKNV0A,N2H5LPRCOT,SEISLY0FNG,L4QI8ALFXF,EUGJVHL3KJ
574935,DINGLUFOJD,637224,FUT8O7D1PE,2022-11-18 20:21:51,TN957X1K3M,,4100,D42RXBG8RE,5Z5RDPY9DL,2022-11-19 01:38:39,Z4EGOMCV09,313,NWZHPFCDYV,2022-11-21 03:48:15,2022-11-18 18:26:39,2022-11-19 10:17:03,6SU0PM2TPV,2022-11-18 14:07:27,interac_202211242202_2,DS2BU4QOYQ,Y8C1MC7F9C,KZLGAAKL3N,V90H3EJ7TL,MR9QSPZM6G,XBN6JK6NJ8,FKVKGI119A,WPD7UBADJE,VGGQFN18NG,8HZLX3J3BE,BVLS12TE3F,MEGCO0C792,KVZLT4DUZ2,9RYP2N8Z39,ZVR22XXZEM
566727,DUTP6KQO2F,823273,YQSF09HP7X,2022-11-20 03:33:51,10Q2EKW1DK,,4100,538YOPZSQG,TBE040E8HX,2022-11-20 05:14:39,A0YR33L3JL,201,IPDV25XBNA,2022-11-19 00:55:27,2022-11-23 15:48:15,2022-11-18 00:12:15,NU08VW5N6C,2022-11-18 09:05:03,interac_202211242202_3,TDMWUTRGTU,NERNBHX7EG,70S49PIQ4T,27M5MDJ7ER,XQFN87B1TE,2UBQJDRZ7S,GZKPQ9CDJV,1IW76Q5PU5,K9LFYFC8CO,XU2PDG3KAT,MC9BN9EY9Z,K72OSJIU3X,9XZOVMKZEY,ZATURFQ1FR,GOMZO9FIGO
296781,OPEDLM23IC,559620,1O302QAEEW,2022-11-20 16:02:39,70T3GAHL7Q,,4100,80237N8PFL,X9RIJLEK1H,2022-11-23 16:45:51,B9N040USW4,182,ZVK434622R,2022-11-23 02:07:27,2022-11-18 16:45:51,2022-11-19 03:19:27,L8SC5GHCDK,2022-11-20 07:24:15,interac_202211242202_4,CW70EQUC2T,3LIIG8W9DR,NU0E7HBJZL,AMILVYTFLG,GRDSQS4ROX,0PCVTSXTKZ,14GTXJ4ANN,YASTDTJ7MJ,E69ZIRPR3T,ESJUCG6CS8,5P86HGNNGD,O0FIT8UIMU,VOVTSIF9E3,E8QKGNS16D,YH57J36RC0
437538,OY8OFQX08N,209171,XCER432IPI,2022-11-21 17:43:27,H3H2B00VPW,,4100,H5WAW2FCTQ,2JRS786MAK,2022-11-22 03:33:51,WD0PO10GXO,266,GKC46WCPF3,2022-11-21 15:33:51,2022-11-22 12:41:03,2022-11-18 04:45:51,101UV5H1TR,2022-11-21 17:57:51,interac_202211242202_5,R5UHU1O7D2,XKFV7KQKDU,QDP2AO1ZVL,E6VYF0BOI0,Q40QOOUMPR,WKI20BQJO1,2TMSCREIWW,XIAPZKGTEG,HN8NCQQ0PW,VXP7G3GW4P,CP8NCV5ZKY,577AWJT4H5,ERZMIKPFB6,71XDG1ZZMW,0FXD6SPV43
9618,RB1TSGBC5Z,694493,8L3TPSVLGK,2022-11-21 04:31:27,0Q6X0YOUSY,,4100,SGSTHEUW4B,C28HK9ZFR4,2022-11-23 07:38:39,LWB2GVK7BX,695,703II9F1RU,2022-11-21 05:14:39,2022-11-23 04:02:39,2022-11-18 09:05:03,CQ4ACOI8G5,2022-11-20 10:31:27,interac_202211242202_6,AZDI4SYJI0,F51565ODKD,0JXCY2ZLTG,87RJ6AGVQY,4H626KS3UM,D7UKJ22IOA,K79KNJGDB5,M3H54USLS8,VWBFBQ8587,MFEKYZG787,SUXBI8VVFY,NTY9C3FIF8,SRSZDLVCO0,2F65AJW3AP,PE4AFSKLNL
692143,UU34WEJ7DD,759007,581JE2LCBE,2022-11-22 12:41:03,ABS9Q4D20Z,,4100,7B7L19OZ6I,ZHLVNYK6NR,2022-11-17 23:43:27,EW2PKFTRN7,107,DH5RAX9ZT0,2022-11-20 09:48:15,2022-11-19 01:24:15,2022-11-20 05:29:03,8JQ7UNLZVF,2022-11-18 23:29:03,interac_202211242202_7,TW8ULKUCMD,87LBOR2LZ9,0ADATNQZQB,JFF89CR4X3,5FEU538TWL,Z0U7IO0NKF,X7G0A0R8US,IGQK0JIK64,IKK8XM5RUD,BCSI2IN22H,32F85CB25R,3D6HRGFM0C,XLI81AJ1PS,Z3VJ81522P,IZW2EMHRT9
813707,VGEU3BKXED,226498,6UVDAIXSKF,2022-11-22 03:05:03,XYAGD1Q711,,4100,MT2VLYYOD6,JFOKJB1ZXW,2022-11-19 02:07:27,FIISOHVDXR,219,B57WJF0Y4C,2022-11-20 09:33:51,2022-11-18 23:29:03,2022-11-19 23:43:27,NYKGZL7JBS,2022-11-19 09:33:51,interac_202211242202_8,VE1MQPQNW6,4YS5TGYJWH,2TVA4MJN18,E736ZZV1K8,NXZD1MBVMD,310G3M2VQW,R6123A7FVG,G3MDNKFL25,R0J83RUVXL,OYAX7DYLPS,XMUQ146T4S,L9UNIVN7W7,ON5YZ4M78R,FHX0L2AUPP,P30XD0S9MU
24848,VH6Z99XE06,865861,BGCOOO95XV,2022-11-22 11:29:03,5O0346DKL3,,4202,CMK3KM7Q4P,ELY1VRJTO4,2022-11-18 01:53:03,5LG83EEFJX,518,QRMY42LGRO,2022-11-20 08:21:51,2022-11-19 20:36:15,2022-11-23 13:24:15,OV0WMP9UBB,2022-11-21 18:26:39,interac_202211242202_9,HO3CMV688K,QZBCU36NXJ,WKC6D46IGZ,YNTNF9NZPP,JL6X2U8NKM,62AJY51DZW,EA4R7I7GRL,MZFMRHN1S7,7LW3XNRUF4,TYM1GX895R,293JFEPGY3,IMZD9WYXC2,QN31S4ZIZ0,HI1CIYWW38,SB4UIYKHKL
359169,0GNP1W2JKL,742799,H1NQQLB4ZQ,2022-11-23 03:19:38,P184KQWRER,,4100,BL55YM2YCR,3HMO2T42VP,2022-11-18 21:48:26,0CO4CWJ6Y9,531,JVQBXY16D6,2022-11-22 02:36:26,2022-11-21 11:14:50,2022-11-21 05:29:14,76LXZQUKQD,2022-11-20 16:02:50,interac_202211251045_0,DR91LLSKD0,ZMMV2S21OG,DI6L0A3BX3,NHY425QKHO,O352KV583G,XVNQGOLIFZ,JNGHUBUEB7,8SBPA7DHLO,094AWL60D7,H7SHRWL1HP,BM85580D1P,E6NJ3U3CH7,N1PMJYJHXO,092UCURMSV,6H4VW4SNPC
835770,390G2269TK,70253,QFEJJU74FZ,2022-11-19 07:24:26,KFJFDU1BLO,,4100,29LYCPRTXV,VUKUOOA9FL,2022-11-22 08:22:02,O6RAHI5T5U,82,78ZMHCZIOV,2022-11-21 16:46:02,2022-11-21 04:17:14,2022-11-19 22:46:02,JN0ZZEZWL8,2022-11-19 03:34:02,interac_202211251045_1,OH11W44ZGH,WSH0NR9CNY,9BFNLY06DU,QI0VB5TBBL,285LLFW2O8,7JABI2ZL0U,CVM8NMRXX9,28V9LVOGSJ,BUNBVE1HWK,Y1ADLW7NE9,Y692RBUJ12,SFQTRN4M2B,TFJP2SZSZQ,R4QEV2SNNM,THIG6TQ0D7
56811,BNXA0SRVEY,787371,CH33CSUSC4,2022-11-18 23:43:38,UR8Q1T4FGQ,,4100,K2L617XP7J,YL9KEFRMID,2022-11-20 15:48:26,AOQWMFN6VM,660,YZRPTJHKFW,2022-11-22 12:55:38,2022-11-18 21:19:38,2022-11-18 14:22:02,VKWNTWD6XC,2022-11-22 05:43:38,interac_202211251045_2,0P81RO97EQ,1140V3JOSS,2CBQT5RGA9,RBV3R7TDT4,MM206J9TVY,5PWMRZP99O,XU88VMK11L,K9E349NOH9,C3G3WXSNZS,MYH7V5UIZW,BVX9EX1UK1,NDGLVU5D7Y,ZJKTRI8YJE,HQ9RBFAIE5,5U9B67JLPC
399105,DVI6G99O1C,565968,YX9634UO7S,2022-11-19 13:38:50,2WGG0PV4B4,,4100,6XGRJKQ83F,KSNIDIZOZU,2022-11-24 02:36:26,YI4EG07ZKV,788,H7D6ZLRVSE,2022-11-19 21:05:14,2022-11-20 14:22:02,2022-11-18 17:43:38,333MTR9OTI,2022-11-20 13:10:02,interac_202211251045_3,O6PM4WGESF,K6JHP70QNP,CJYDVTOQM9,COSH8ZVGFD,D074GZGOWC,ZUD00SSQQW,LH8D913WC5,EZU4D5B43J,HLHSSAJQ2O,N93HSDECXG,JSJU0EU5WX,LFJ0O8WVIO,WWV0OWAI64,AVVTASVYLS,WVN6AHP7VD
980147,G5M8HPQT3J,953619,J5XEOROJIT,2022-11-23 05:58:02,NB9PXM1J0W,,4201,5VUG46VTYS,K5E7RGFBVW,2022-11-23 09:34:02,U6F0VV4LV7,325,4UONNBXT3H,2022-11-22 17:14:50,2022-11-19 18:55:38,2022-11-24 04:02:50,SJLTZKDURZ,2022-11-24 00:26:50,interac_202211251045_4,BDO8DIVE0B,RVY1T8SEOM,18SVYPJOW0,GMX747PN1M,71PR7OY796,YAYRBNP75V,FV59OYGFW7,8K71YFAVS2,2GZCN27C7M,CYTX034EJS,CSTLDK5ORF,RDHTR8GAWG,L24MLH1FZN,TWORZ7MDJZ,W5PNTUZ8X6
679537,I0M3H6GD8V,222382,2IJ3GTBINW,2022-11-20 11:43:38,HQ8AS7SUB7,,4201,5VX9NBBB2D,SNBL5HYM88,2022-11-24 06:41:14,I230D63BJZ,865,42YLSLCK23,2022-11-22 14:50:50,2022-11-19 20:36:26,2022-11-19 00:26:50,NSPGUQUL29,2022-11-19 22:46:02,interac_202211251045_5,WGL8YC4G2L,F1V5V31FJ1,NYOUOPIWJJ,P1GBS5U8L7,OEIB6F0OQC,PY90PBXE8L,RFQMANOZ8S,F7DPUY8UXI,DJFMREFXBB,MJOKQ55DJG,263I1TVAWM,AFDYNN0VIE,3XBQQAQ1ZW,WNG4VWH3D3,V6HGF5W2UW
202921,M0ZF3YWDCI,695986,AHR0S08LDU,2022-11-23 12:12:26,WOKXTH78PR,,4201,DPVNV319GV,31D35ZSKQU,2022-11-22 06:26:50,Q90198H4YB,540,P0IGOEDDAD,2022-11-20 13:53:14,2022-11-24 10:17:14,2022-11-19 10:31:38,0VWWXBGM3X,2022-11-21 07:53:14,interac_202211251045_6,41BL6X4EER,A02AUWSFOT,AS2B9ESL7P,FHQ0YX3PVV,A7C5OBK55N,AKVVWQIQ08,ZMWCEZ0F4O,W3Y64UZYES,VOQ3J8H41E,G6RLJZ4B1J,SS1ZVN9FB3,BC9KMCXTCH,H7L7B4EE5B,TAAU21CF21,VKZ9JD4G74
782221,OTFC46R04P,426660,KUE3SHYFN0,2022-11-23 13:38:50,MS14Z88X15,,4202,6USMOQH0GN,VEK2Y5EIBL,2022-11-19 21:34:02,I43VYVOH4N,582,CHB7JX68JS,2022-11-23 08:36:26,2022-11-22 08:07:38,2022-11-18 14:36:26,RPZDBDW9O6,2022-11-19 13:38:50,interac_202211251045_7,CUGEDDQY2P,G5J0LM4Y08,3QBBE3ZRUD,6SPS058T77,CHM8KRXNCB,O9X7SYI2Q9,SUEPKV287U,SEOYKCW0WZ,VF2XSX7NTH,3372TJFFAT,EKXMQRZKZS,PJBSAPQXBZ,7I6GSYNBHY,YP29ASA0ZI,GRCUZOLOTE
13070,QR83WD7U1Z,661329,8THFRSPG8T,2022-11-22 21:05:14,6AYUXB9TFR,,4202,NRGQWWUX97,6K6E0836GH,2022-11-22 15:05:14,NXTRHHGGR8,922,4VZE4SCQQP,2022-11-19 13:10:02,2022-11-18 12:26:50,2022-11-18 17:29:14,BIPUXBWHHJ,2022-11-21 22:17:14,interac_202211251045_8,4BWFCX6U33,S6UTWTL7OX,WZOSRP3WQ7,4T603X8T2M,IFJN9Z7ESZ,8FX4BZXD9J,EXAJAPBPHX,VHPRT8LY77,YHTUVK1FQD,7GU346EM2Y,68ZJ5IZ4W0,V3FF8JOC13,3BZMG7Z2Z1,0BCP9JQ9G9,J43DQGNOQS
651748,VJQK62PX9V,301821,C0PSL81H5O,2022-11-19 19:24:26,SDLSH3QPW7,,4202,88D0XMNU4K,RG3J9QCDPZ,2022-11-24 08:36:26,5VMEE6K0RS,316,CWFAY0ZUBQ,2022-11-18 12:12:26,2022-11-20 07:38:50,2022-11-18 21:34:02,MPB5S2IJP7,2022-11-22 04:17:14,interac_202211251045_9,HE6HTQB5B6,EQNLGWF3JU,JT94WTSK10,8BUQWYM1S6,DFDGD9PN9F,YHZAGRTB67,O3ZNXANBVW,JGYOPS8A1M,TDL5ODE7GQ,Y8QKA8U4P0,RTKASEM45D,U2J51E8BE4,55ROO05DU3,YSR22C3MY7,91EAMG7UPJ
956389,4KBCPOI610,854610,9I24RH3PKS,2022-11-21 07:18:43,W6UM71HN78,,4100,HCFGZ3M7UH,21C65O7VXB,2022-11-23 16:54:43,E2HKYHK9DJ,570,K08M23BRZX,2022-11-21 21:42:43,2022-11-21 13:33:07,2022-11-20 06:35:31,HP5GQMZ00B,2022-11-18 20:59:31,interac_202211251054_0,4OPGRKRTC7,BXISWBLOW7,DRGD23DXD3,02WNU0ASNV,Q0N6JJJK1N,C3TTRSFBR7,YWI9FXTJPZ,H3O8N86S6X,ZOKX1PKODI,RUJ9MG0HOZ,KYUMKV8TFD,HUG3JE0F9V,HAEQBNV6NH,4UEJ44NXHL,VVDNHQUPZ8
342435,67OUPFSROJ,601189,PVBYAWY51R,2022-11-23 22:11:31,955Z3F0PPJ,,4100,UE9BZBNVEC,EMAW6N0186,2022-11-23 09:42:43,MJMHMUD296,78,1UVC4GD0QQ,2022-11-21 15:57:07,2022-11-24 07:04:19,2022-11-23 17:23:31,FO08R57H8O,2022-11-24 03:42:43,interac_202211251054_1,6JFZCXF79Y,TRVJ4XJF2L,84TY5552J3,CBV1KB56RR,0LDFY6CA94,DQF44EWVCP,ILQFSWK47N,5OVSAVB2LT,OKYYEC4J1Z,ZQ9AZQE7CN,MMSRZ67BRT,662RXTJZ28,9CEX04FZDO,SKWPA9YT08,P46XU6R6DH
351068,7E59J5NR3B,391058,RHYB6MPUPO,2022-11-19 22:25:55,TIOGY2PUN8,,4201,ISF8TBOYMD,S65IOHV339,2022-11-19 01:18:43,IAZ1WIRJU9,866,KWHZO1J3TB,2022-11-19 14:16:19,2022-11-20 15:57:07,2022-11-18 19:47:31,8Q3S4C3CWE,2022-11-23 01:18:43,interac_202211251054_2,6OK8YWSQKB,ZA2GJ7QOI4,NE988HEUH5,SGPSCECAS3,1XXI88DPU6,TAL5ISMTI7,0KEEW62WEA,T7M49ATVFQ,IJGE7ISIKH,C8BJ2SG0CB,G2HUDMLQ52,RKTAT4WTG6,L97WPBU7CV,60HIOZKGFQ,HBN4WSMPES
681469,B89C9OADYW,273528,XM7V0QEYS4,2022-11-24 03:13:55,M21ONBMLD1,,4201,S8Z05QBCNT,AB0ARNIKXL,2022-11-23 20:01:55,Y09PQIMEZV,574,7LX7EI370R,2022-11-23 18:35:31,2022-11-24 02:01:55,2022-11-23 05:09:07,E79QFBKFNR,2022-11-20 01:18:43,interac_202211251054_3,NQAHANEAM3,JXQG30EOLT,3UR732JBFG,QTCYTLGKFM,CE539BC4TG,H83OVCNKVZ,VP0G8PU1PL,ABEU4V8WTX,RS4BMI6MQ1,QKKSPXUZSL,144LTVABQP,G9EJGRITKQ,19FX1MQOEK,UOQ44DDX1K,LRYSYJIGDM
2987,GMXXVWHH7T,840477,XO611J8GQQ,2022-11-20 12:49:55,SK1P5SNX78,,4201,ORF72UX0XI,7UR6G3INDD,2022-11-21 15:13:55,I31I57J5SO,503,EE7BM7THVI,2022-11-23 00:06:43,2022-11-20 19:33:07,2022-11-21 16:54:43,QXF02TSDYP,2022-11-18 17:52:19,interac_202211251054_4,EZS3AWVG0T,NNJ0C1N0RD,LU1017WN7R,4WXIT0S9BB,JLT2KIW7AY,PFSNAM47TI,TJ9KRMS7BW,K1BDCPGCPC,PYMMT15P4K,O1REUGQ8RW,QGLZB51L4Z,D8X5GAPS81,77XAE11V0S,8STBA8UMIF,ZS9T3KCIFR
964011,JPOOYQTTRE,286062,RZNPLHRHJ3,2022-11-23 04:54:43,AFDJOOQ4MT,,4201,CUKEGBG5PC,3RRO9BU099,2022-11-22 20:45:07,IDPE9WHTR5,420,BCID0SJK33,2022-11-20 08:16:19,2022-11-19 09:42:43,2022-11-19 07:18:43,UKFRZPNO8A,2022-11-18 15:57:07,interac_202211251054_5,4FOCGHCKWT,H0Y18TA04X,JGG041A8MX,TOG5YAW5AR,BFAUU3HBJ5,DOGPXUET7O,FOQSXO92YP,K9GIHWKZXI,XT682KENEI,6HHJMDC0WX,MYTSY5IL7H,LMO3VOSLKA,ITDPLCOXOU,8ODJ4PGXSQ,7YAP4WWXBX
201126,N100OB1SBY,804025,VDTGHQK5U3,2022-11-22 09:13:55,G8VHMYQWV7,,4202,50O2FI1UKW,EDYNKFBYAB,2022-11-20 18:21:07,47GNMSSVU5,62,FP79I2JHAQ,2022-11-20 23:09:07,2022-11-18 17:09:07,2022-11-22 19:33:07,SVP3CWIRDE,2022-11-23 13:04:19,interac_202211251054_6,49VOSJMU5C,JHAZUVG8SN,P19AG5A0K6,QCMYXDT6W8,0B1627KTOE,54X2ZTW8RK,G8CG5SAPD5,IVJTT9AAT8,QCBZPRNTNA,HXIPD87UFN,P2RNZ9OTIJ,86H393N21A,5HXYFYATUP,D2CPIX58IN,YTFN5XG3I8
281838,QPSRHB9MCN,53004,VIXRF1NINO,2022-11-22 07:47:31,TQB8A3MP6E,,4202,2TPA1JW0WD,TEO0MR1LGO,2022-11-23 21:13:55,CPG9E5WU35,338,TQTWPV6ZJG,2022-11-20 14:16:19,2022-11-20 05:37:55,2022-11-23 20:01:55,TX1I59U3R2,2022-11-21 22:54:43,interac_202211251054_7,TA69JSW8TR,7Q0B957XA0,UL1BCE891K,VBNRN1ILAF,MTGSSRB95Y,GTWF37DH2E,7GMMMV4C4V,0IOY75E966,66FTTI0MW1,1KVQ18FELT,SSSMTCJTJA,SUQ73TX0CV,I7VEHX41B8,S79QXWVGQT,UC5866551P
124689,RRZ3Y4L0L4,305680,TLJZLP7AME,2022-11-22 07:04:19,3GGMXOLZQA,,4202,7EFYIKHEYL,P5YG3V6NUN,2022-11-20 08:16:19,Z6A0OOJ1US,698,R7HQJTFT6F,2022-11-19 17:23:31,2022-11-18 15:28:19,2022-11-22 05:23:31,ZL26HW9N4L,2022-11-22 13:33:07,interac_202211251054_8,YCS13SV9MY,AGC95M24G0,LZX9OB7RCY,USX4G2SKXA,EWZH10H8HQ,1L6IYC65BS,XN0SOUZSJE,U69AUTHOEV,D4P6CQ3ZK8,D43CWLXSIL,FTDIW9F1O7,K5Z6SAJ7KY,P4D35W52RY,PJ4MUR8WWN,5ZSAQOO5D3
732619,U1ZC4I0U3F,455036,DH0GMJQOTP,2022-11-21 07:18:43,PWG4HT9E0B,,4202,H9HVCZ41HQ,WG6WH71H7N,2022-11-22 00:21:07,60J93FVII1,446,5WB6K8PMNA,2022-11-21 08:30:43,2022-11-22 12:06:43,2022-11-18 23:52:19,3VC2I32ZKP,2022-11-22 12:06:43,interac_202211251054_9,ZEKLGYK1T3,UFF67EEQ3H,4KY2LOOTV2,5VOGARUSHS,0UMXDV6EQ2,MG28AR3R7C,ITXKGS4EJN,2GB2LSF3HO,TEJ02F2LZ5,O7GYOM0ZEU,F90OVL18OS,N7EP3X9SI0,H8SL9YK8CN,2YT4AY616J,BALR9NOBVF
922759,41RP5MVBLZ,209941,E1D66CKIGR,2022-11-20 19:32:43,83P7ORX6GL,,4100,FBURMM7GZD,2MDLH2RT2R,2022-11-18 16:25:31,9WYG77VLK2,521,RM2ORXRFUC,2022-11-20 21:13:31,2022-11-19 15:27:55,2022-11-21 08:01:31,GGNC38OHN0,2022-11-19 21:56:43,interac_202211251415_0,SUYTVE15L4,CJ4KN5JVX7,OB8P1ANLZB,14JF0556CG,YI8BBGGDHN,82HJ6XK6JV,E5RJX4QG5S,FOSHNKS7RZ,9GYHCOOV70,S208NPZDYC,I4S9F07M4O,27Y61PNHHH,HA9YZ39QAM,DI1WD1A7U0,HIGCF13O7D
860233,985CZOTYJF,473150,ADEB804ZE8,2022-11-18 14:30:19,B10FXRW56C,,4100,X1H58BBFRD,HR77DY9JC2,2022-11-22 09:56:43,TW48H70E2R,523,8PNJ2C15CM,2022-11-19 19:03:55,2022-11-21 12:06:19,2022-11-20 21:27:55,J8CEG7IQM1,2022-11-20 22:25:31,interac_202211251415_1,13G0ET52D3,QFIJ047D5E,A4KRB1FD4Z,5K8FQSTQ1B,I0KJCZG6DK,0FUZJ4MVBA,U3U1IBST6A,EZOZVGJTEP,8KCVZ629ZN,HTR66MYM2E,62SZYB10XH,BVU1HXYY53,SNPT4IJPYL,IG8JVLJEI2,FGDRP0PAZX
127639,9R23QZ9LEF,518319,XM4Y7AI0VU,2022-11-20 03:27:55,Q6UUDMPDXQ,,4201,XARQ4RFS8X,HF0HWSU8YS,2022-11-22 03:13:31,063NVSPXPV,382,VE00H1057E,2022-11-23 22:25:31,2022-11-23 22:25:31,2022-11-20 22:39:55,53BHPCNJCR,2022-11-23 09:42:19,interac_202211251415_2,4MQ5VNDTOM,NFA0E4M16S,25PJHSWC7U,M5PQPRPMRL,RUZET8YUNS,1GIO871IJE,VR0IMLDIWO,XNA4188AXY,2MWNKC5JK7,P2Q0FYMXJS,M6D4FAX688,FS2351139W,XPX8UOFNXE,LI6Z96OA30,UV9SL7SYAX
498837,CG457F9IVB,164533,42JF68I0S7,2022-11-22 11:23:07,E2W3PAI2F9,,4201,9QYJ50YE97,70QAGQV41D,2022-11-23 17:37:31,HS3WY7IEXT,601,90KR5NEXR6,2022-11-23 19:18:19,2022-11-19 13:47:07,2022-11-20 01:18:19,AFM3QI6VM4,2022-11-20 10:54:19,interac_202211251415_3,S30V4MLVHD,HBFSFJGL1D,K6UAN4ONCT,IW3GLO7WCR,6WVIGJ96Y7,88T7KEQCY7,R12PDEEUWW,YVDQ03YWL9,NFJMJW0DMZ,2D6KFJQ8PF,4ZWX2GBVRJ,OXTUR1LGME,J47M26COQL,4WJGQWDFT1,KZDRHHOVJB
590038,DNEDE39VS7,869251,BLN3C9EAFL,2022-11-23 03:27:55,DBE3K89NML,,4201,ZF6C9IEXUD,G9Z8PZR3ZE,2022-11-19 05:51:55,JRK5MCCG5Y,329,TW3AC7A2ZN,2022-11-20 02:15:55,2022-11-22 22:11:07,2022-11-24 12:49:31,9KNKG0Q032,2022-11-18 20:15:55,interac_202211251415_4,EITL0OGVQ8,LW3HWF1CFI,KGL1WUBJQS,QX8R2MJQS8,2GBMQT7JPP,X171SGGEEC,L1OO2Q949W,K3YKAWV6PJ,CSFF2213JK,HIESX30B1M,U881FJM3I8,1FV62S8YRJ,R3GDGSQQ3R,35C7ZBN84E,9Y9O1RW867
344898,HQO02DPKDK,906807,CRHQMS9SKZ,2022-11-18 17:51:55,LIKFJ503WF,,4201,5ABHO0VIVM,OG3WLAUSRQ,2022-11-21 10:11:07,82MKRM47FJ,417,LP0PO5O6BO,2022-11-20 12:20:43,2022-11-20 07:18:19,2022-11-21 00:20:43,L7CSO142UC,2022-11-22 09:56:43,interac_202211251415_5,4H6XAYJTEM,588VBJKYT3,PRD575F2EP,H7TT6NS32X,TGLC1XBNHV,JSG8RGWAPV,ZB522BZ5DH,OY8WFG26JS,E7M8IGXWXZ,9HVQ3HN319,2ZMRKTQUYT,YCAZO6EQF6,7NPOL3XPU9,WAUGJP3QJ9,VQBS0MG3QM
854899,NEGV1R7LEY,261955,IX0FPWVK39,2022-11-22 08:30:19,36QISUZVRY,,4202,9ODR4HR3WC,KY21AZCT8P,2022-11-23 11:37:31,PUR3MCL2D5,300,CJJGOMRTYA,2022-11-21 07:47:07,2022-11-22 22:11:07,2022-11-21 11:37:31,XPL0TNW41E,2022-11-21 20:59:07,interac_202211251415_6,QYAVB66M8D,D275RAS4TV,HVP8B55DN3,SJLF9BJ5VL,M2SPGIEZWH,B4NTOON5OG,7ISBX7GWNM,S1AI6Q2ASM,TFTFY79TN2,1ADVZFIU08,8KCZK9I9JD,QAFE9TJV9D,GU87X0K83W,AYM7SH9BN5,6Q825R82SV
712142,VJV30ZOC3S,668257,3R6WZ3CJG9,2022-11-18 19:03:55,8W07MW5JXL,,4202,7LX83QDM8C,G6A855A3XW,2022-11-19 21:56:43,XCY141KHD3,767,HK9RFYOFU5,2022-11-22 05:23:07,2022-11-18 21:13:31,2022-11-19 05:51:55,6899MD3V4Y,2022-11-23 11:08:43,interac_202211251415_7,ADFE0D9FF9,RBZRV2IQHE,LF8S4UBXSU,BG7XA16IQ2,8F7U7IP7N7,8318INYQ55,O2GAZPS3Y5,190VOW85A1,KG3BBD99XV,PU2T4FYUCL,Y8WH449LG3,3SKC0IZNB9,ZRU8I01FCW,YFV36BACBL,LLNOHDJL9Y
91682,XNZUND48DO,138956,AFPLH0ZIL7,2022-11-21 01:47:07,FS52A1BRBP,,4202,KU6Y5PKQFG,4SZM1J7E9J,2022-11-19 15:56:43,NDPWOTR9VX,720,JGSPXQVW5P,2022-11-22 07:03:55,2022-11-19 23:23:07,2022-11-23 01:32:43,RKF3N4Y9S7,2022-11-22 08:01:31,interac_202211251415_8,U9NCSANRYV,QS1ILJIVL5,9MXOBVFTQ5,8Q73IQDKTZ,0QKPBM2ZCY,W2UPQ0F606,BRDNZX2GQ9,IDUBKY1P14,T53302J3O9,CMKWB9OA9E,AMDO2R4OL2,YLK50QSH3Z,H9E0PJTRQ0,ICDPN5XNA2,AFP54Z5ZE8
640889,YAC2BH2M2D,522950,Z6M0UWRKOX,2022-11-20 05:23:07,L3OPCB21IF,,4202,B6FKUHY1JF,0FG19S40QV,2022-11-19 10:39:55,NCRQVS3AMO,581,RQLZCQQOA6,2022-11-19 15:42:19,2022-11-24 05:37:31,2022-11-18 21:13:31,38TO9TLZWT,2022-11-22 02:30:19,interac_202211251415_9,6KK8C3ZOIL,XH9NG7Z2JB,6QXGC6LYZA,ABYJGP6OOW,S77E6YE90Q,A7QWVPDFZ7,OQD84U85LH,TOP24TQ41U,7A8JY97ELM,M0KHS4KYXD,KD385PBWKA,TOMBBUWTBB,MFB57SRY86,HLEYU1Y811,JEYBGMQUDX
164772,0DWH63I794,655971,90F5RFZYOY,2022-11-21 23:25:53,TQUJSKI1EA,,4100,38U46IC0W8,XACDOAB836,2022-11-19 20:33:05,NBDDPJVD0G,42,9MUMAKAKXZ,2022-11-22 18:23:29,2022-11-22 20:33:05,2022-11-24 06:09:05,7I5DF2G5XV,2022-11-23 15:16:17,interac_202211252257_0,VM6O9C2A7M,L4O6D0JEM1,L3T6H8QE8G,NPQOVAWRU2,O844MUT4U3,CU0AWIWNCU,NMX7R52KU8,8WCOJ7GOB4,IYC7HNITN5,J8E4IOL4K1,EBRBGYHYUD,JGF9NWZTNL,96XQK473EX,RV4CQ5F9TL,S9O8X8O994
535818,1I499LQCVD,530684,2QGRCZWQRB,2022-11-20 17:11:29,DTJWCWFXU7,,4100,SKNCTWAD9N,ZJ22EZECJJ,2022-11-22 12:52:17,BWPOWDP6GG,425,XBTW0CAQ2C,2022-11-19 09:59:29,2022-11-19 07:21:05,2022-11-19 10:42:41,DJ1RXA9E84,2022-11-21 13:21:05,interac_202211252257_1,4Q0WO2KQ3W,VC33MLOQMG,24AGTCQN3I,NG3OQHAGC8,OAZORDZP6S,11APBKUFSK,QS1XWL89HX,P9673APC7J,SOUB60JAW4,Y6LGC4MBA1,H9XHAUWAI3,1GEOKGK39A,HNQ505I6HN,08RU225132,DM1WGQAM9A
644877,6EOU6EDZ0Y,12016,LW9XQL6MIY,2022-11-21 13:21:05,LU6AHY25Q4,,4100,T7B25HKSDA,OKOGAK8YL4,2022-11-24 10:13:53,8K4DMZZ6ZN,956,O9IRV41KIU,2022-11-23 10:42:41,2022-11-23 02:33:05,2022-11-20 18:52:17,NTOBCCATNO,2022-11-22 07:21:05,interac_202211252257_2,S0AS54MA08,YX2FQPD9JY,ML93TC6HE7,372P9CUORZ,LINN8DE8M3,A7L467RY71,OY0GEFU5PG,WRL73QSCY4,AD48HLR0KL,P3NSTZB8R4,1OQS0HUECN,2S2CY4R6M0,Z5C519FCBV,RWKMKGH86H,12HIS4KYK3
235229,99JHQI0H72,430446,KG4ELQYDMM,2022-11-22 15:45:05,2041S0D88M,,4100,3SANEN3V3C,MF9SM2BXLR,2022-11-20 01:06:41,9CY3DDEN41,220,HNJNN74OQR,2022-11-19 19:06:41,2022-11-20 03:30:41,2022-11-23 08:04:17,5LW5KSG6E0,2022-11-20 04:28:17,interac_202211252257_3,BYH6HLD7KK,SBOQ01A4BB,PBTTWQTI7U,KB9PBPQLIJ,RRYGS2JO0S,SLRT8ODRE5,BBYPPJS8CE,196JXZ3QGY,WS4I1WD3BG,CNDBDCBIVZ,HGQE95BUMB,L0CJ7YB30J,WAM8Z9Y2YT,QZD38RF2QD,RH8J20I30X
590742,AOMTY6BF3K,621892,10OP02Q5H0,2022-11-19 15:30:41,YNMFFRSJ6J,,4201,1F3D62QMJK,PGADU8HJSK,2022-11-19 00:09:05,4HW79NL94O,542,K2LDCWN96C,2022-11-19 02:47:29,2022-11-23 23:11:29,2022-11-19 15:01:53,9XQ091QAHG,2022-11-23 11:40:17,interac_202211252257_4,2EZ8TKNYYC,0H2FCZ4K12,4HQAVU7W4W,GZTH3YH1VD,423TY8XD3I,A2Y54XT4FS,WEACZGTGUV,GOZ6N9SSY9,QB4GKF2KBV,80YQBQNK4V,2JTC0GAEPW,CRVLR78KSY,J9Y5B1U99C,4YIOA8FM9Y,Q1VKKU462U
709883,H3HHR7C92P,563256,65TOPR484I,2022-11-22 23:25:53,XT5HGAWRN0,,4202,8LAQU1R8JD,B5MBV75TOK,2022-11-21 16:57:05,VG5VFZOV5Y,14,R0SS3LE90E,2022-11-24 10:57:05,2022-11-21 08:04:17,2022-11-23 10:28:17,41E2B2C6LQ,2022-11-20 01:35:29,interac_202211252257_5,0AT75I0202,DMR1O07R7U,K95VXAGFT4,WXQW6J4F38,JGWNK8YVWU,XOCXREWCMA,YSXV6DES1D,QX4N2830FX,OY787CSKAG,M5RFNUNBJN,RDOEJ0REO7,5U5BX44MHV,RZFQWS951G,J9CR2XG0EN,M21LXS9UDN
248278,MZN3NTBZCB,991041,T7L6UYS8N0,2022-11-24 08:18:41,FV3BHBRKEH,,4202,87CSY3ZE03,N1WUVSTGF3,2022-11-19 11:40:17,SJ1UK47ZZJ,737,1W3G2RV0X9,2022-11-20 23:11:29,2022-11-22 04:28:17,2022-11-22 01:06:41,7S5SGUF0B4,2022-11-19 00:52:17,interac_202211252257_6,66ZDSQKOK0,CGH8BV1PYT,S5ETUQTHPO,YLCLUCIYFB,HH38O4CPPB,AKZBKSK30U,LA60FI1SXJ,TM12O9QN5R,MIINC74BF2,52CEWCCXEA,6K71WYA5TW,XNQ728U41D,OWRVZT0EQF,WVLMN4DEGB,2OCAGK01QG
449154,RFAT9KGFUV,752871,EELCSYDAXE,2022-11-23 08:47:29,ERERWQN6KQ,,4202,GOE8YBRPVC,JX9ES5A1OF,2022-11-24 03:30:41,WQ3AGGWS9F,198,UIA5KWDK3N,2022-11-21 07:21:05,2022-11-21 04:13:53,2022-11-21 03:01:53,MRFJD75BCB,2022-11-23 10:28:17,interac_202211252257_7,NR7MDTMR4E,NN6BELNLHX,QU67H2HY7X,B8W11MNO0Q,RSM40ZC7Z7,SLILH228VN,PASTJGP9WV,4DXAJ2D4BW,IPI6207TUQ,JL85RFS9XY,WIBRB4MTQZ,G3TE7WD6RU,OVHGNBHFEX,H3ZCL3I7PN,BJ679OY0TC
710734,T8OZ2S8LE9,347995,E557USKCYE,2022-11-22 09:30:41,WKN712KAZY,,4202,KQJQOE0YSC,F78EEBME5T,2022-11-23 01:21:05,FSCLJLR7XS,694,CR0GLCEF0S,2022-11-23 00:52:17,2022-11-22 02:33:05,2022-11-23 01:35:29,DTC69NMWIJ,2022-11-21 09:59:29,interac_202211252257_8,KI8C15AY9Y,OZTU3X6F6U,93H4QJL5PP,M0QFZGNIDA,CWHE2YLSUG,9V3ZDUPMDL,NG5X0CBZRB,FX55043CZR,HLMNP6MVX5,K33F3K5KXQ,J7IXJGV7OY,M7E9UZBGW3,QJM5IOYCJ1,6L31ZGITIL,FW9HZQCRTI
356520,WMGB06GSV2,452409,IZUIHAB7Z6,2022-11-22 03:30:41,RF4H5W1FRP,,4202,1TFE35TWG9,G8ZOT8PD1P,2022-11-24 22:57:05,ARDK1XDTO8,259,LYKNX9MTG2,2022-11-21 05:54:41,2022-11-24 03:01:53,2022-11-22 08:04:17,KASQL1CAS5,2022-11-20 15:45:05,interac_202211252257_9,UDESIELCJJ,VR1CFMHUCP,S6ZQM216VV,P2CXQTOWVU,X376ZZUWT0,3JH7TF7AKO,S7N7TYBXJN,IYC8G488EQ,SBE76663NB,ZPC651K311,JVRB02OK4P,Z1JGPLFV8R,CDJZDFXDEL,OBZ4M4Q7N7,GASEV42BHK
487559,028KGQNAQZ,152969,NV0N4ZSB0O,2022-11-22 15:48:45,UB90TEXB44,,4100,BTVTUPS3S9,HTX323X2MA,2022-11-23 12:55:57,MTIF45U5PZ,693,GRDV94C5FN,2022-11-24 01:24:45,2022-11-21 00:12:45,2022-11-24 01:10:21,HH5JNL7059,2022-11-21 10:31:57,interac_202211252300_0,8WYLSUM3WF,NS7JJ2F6UY,96LZKK9SFA,UTGTR742MK,G3JBH1A7UK,IMY740XLLD,1L4FTJPFSC,E03JPDS5J4,J70LWAQXM8,EO2BGASZCI,RPVIQJ6PRY,X33TXEZQ17,BA5VHRQWYX,85AHEJJXCR,2LEU00A6VH
515793,3U1YCTMNY6,468467,KSIHJKWMR6,2022-11-20 07:39:09,Y9OV0DHNF3,,4100,J3Z9YLJT31,XM3YLLM03V,2022-11-19 23:15:09,X53O4EG3UO,126,EE4Y40E3G5,2022-11-20 13:39:09,2022-11-19 16:17:33,2022-11-24 17:58:21,59U4NY780Y,2022-11-22 01:24:45,interac_202211252300_1,7VKLM4MIZL,Q9A4THP6HR,HMUGHJVAVT,ETIFNIFJKF,30CZTBVS5G,62HL8V1806,CLEKC2GDOC,H7J3MSHLGN,VCUG1PEC30,91NSBM4FN4,XGF7PN9NW9,TCY3S8WQAW,9IW3TYM7QT,RFJSJ7W5E3,JG333NYE60
218618,CF1LXHW5GM,497604,NZJU9ET9V0,2022-11-20 07:10:21,HC19ZY2PK8,,4201,WWKJ5MD859,W8MZQHN8IF,2022-11-20 19:39:09,ZH7860B5AO,725,X99KJKG8JA,2022-11-23 18:27:09,2022-11-23 00:12:45,2022-11-24 03:05:33,PLZCT5J6Y7,2022-11-22 08:07:57,interac_202211252300_2,6XLXGNI7M0,6UNQPUVI58,BIS9G3LZ6V,M174IQFXOB,PWJQD22NT0,318E70T244,IH1J8ZWK2H,0ATJHK42NL,7SZUYNX6CC,1YYLFIUE0A,I1Z9RFLR3R,UZDSNJ66GC,3JT101TZSC,48PY2U3RQJ,EXZR6B7C1Z
472333,G21I9AXQUK,637207,PUI2653YN4,2022-11-22 12:27:09,5ENQBF90JJ,,4201,31C3C2UHR6,D33ADRML4A,2022-11-24 19:24:45,CR1C0EB9BV,109,BLWQDG1MGC,2022-11-20 13:10:21,2022-11-24 22:46:21,2022-11-23 01:10:21,XR306QAAOR,2022-11-22 15:34:21,interac_202211252300_3,F8G0BULW3A,B25065DNNJ,BI3AKTYHF6,DT90W44865,AZJWW6RX9Q,MNKD8YGWFW,6RNTLO099R,X5UA001RRQ,43SDV3RI1Q,0ITICJRG0P,GYKFT6B8ZB,AR7CWE4KQB,BRZJZCB2QT,SLHLXY1QQW,3BQ0IFSYBT
458400,HYBC18DUSA,14248,TXY16ED5OC,2022-11-23 16:03:09,GQGRLVNTCB,,4201,P2QQTBKU8M,E0JEH2D4BR,2022-11-20 07:39:09,5FDLFYI91Z,957,5QNKTJ2Y95,2022-11-23 04:31:57,2022-11-23 05:00:45,2022-11-24 08:36:45,DKW6OLTUXJ,2022-11-23 06:12:45,interac_202211252300_4,TQKJN6FTG9,2DW3GEFC17,MFYGVJZSIU,H772OT8APZ,74XVIPW8NN,WWXP1EZ68R,N8TBWBYS04,CBEIBBMBVS,7QGTJYWOD8,O5YA2MDAVP,1CGIXJPYLJ,XGVXYUE9CU,RC62GTD7TX,SXXHU9ZEHL,LANVUE27FU
238753,ONDPJCQWST,13425,BB2VGH6421,2022-11-21 17:00:45,MR4J3VLCG1,,4201,AJRD8BP1EA,0XXTTN5RQU,2022-11-24 22:31:57,W5VKMY8VWT,661,76NVIQJ7LY,2022-11-21 09:34:21,2022-11-20 19:53:33,2022-11-21 10:31:57,B9TQAHS83A,2022-11-19 18:55:57,interac_202211252300_5,6TXCMXHRFA,CZOI5YHSHH,2K5DMRTEED,OM990YA94V,H0TV2K6NB2,8CIPF48B3F,16HQVTI2PQ,A64VLDZTH8,LHZY3M4JOP,R2DPZY4Q7W,KWM4P9A0D0,M6IQ7FJRN3,VLSUBXLLBM,LHWXRZ0C40,XDJ5LY78KK
163723,P22XRBJ7UT,702900,QV19UVBFFV,2022-11-23 17:00:45,48T177LTQG,,4201,FU4HJ0ILCB,1JMYZPXLM2,2022-11-23 04:31:57,DYH3AGF6LE,544,91EUO6CX2X,2022-11-21 07:24:45,2022-11-19 08:51:09,2022-11-24 02:22:21,04VK0WKT4C,2022-11-19 16:17:33,interac_202211252300_6,NBTXTD1LUT,OJJ92IOI30,LH75YJAXR1,GVV72LNZQ1,2G0APDZTQX,I99H1JH9EX,WZKA12138O,PFZ09GLWPM,FN91RZCSHI,BTMGQH2A4L,ECUHZX4DIH,ILPO7LU42Y,W6OOA3L3G6,R1XFCZAHFY,2IZ5P19MJA
525569,QHBL9CHI1C,75617,PYWSMDQLBQ,2022-11-19 14:22:21,X1ZD2VPIUO,,4202,X05FQ20LWM,KVXES6XU97,2022-11-22 16:17:33,QTLZNGOOMS,683,Z14WA0JT29,2022-11-19 12:55:57,2022-11-23 05:00:45,2022-11-24 08:07:57,PQYKK76EOI,2022-11-22 21:34:21,interac_202211252300_7,XMJRKYEPMI,4PQJJT98AQ,1L6OBB2MPR,1GOYU0V9LF,PF06DWSO5J,FMTADUUCTV,K6KJZEOG5C,9VZJV1LKFZ,UWLMA67ZKJ,TTIXX5ONCN,ACSKCZ3BJR,0PD66BK4DF,BTE8U04XVM,U38A61VI3S,QHOV8JWS5W
662919,VCYWHVH7P1,847885,MOO2PDNPZW,2022-11-20 23:00:45,5BKBYDVFSR,,4202,TTOCDP0BRQ,3AQ3M8Y8W9,2022-11-19 19:53:33,J2ERLMX0QK,346,E2R0CM3V0K,2022-11-21 11:43:57,2022-11-22 16:46:21,2022-11-19 14:36:45,S7IBX5Y97W,2022-11-22 11:29:33,interac_202211252300_8,VQEZKPVJHQ,FQXZW0TC8X,0W5R2Q4XOW,YL9MCFAFZ5,HE25Y85GFD,K427JGV9VT,IG5TTZ4CG3,GNEH3J2OJZ,CX99JN2JOH,CL0VT86HWO,YI9AO8L1A0,WJEAQ6BYYB,K3EA62ET5A,FASGH09QQ0,F9WFGNHWA9
750312,YJALAU9E88,480855,4Z6A1CGCSV,2022-11-20 09:05:33,6J5880FYJN,,4202,8DD8BDRB88,GBUZRRA7B3,2022-11-21 08:36:45,9RFTWNFLYK,975,RGUO0NH2AO,2022-11-24 17:15:09,2022-11-19 11:00:45,2022-11-23 01:10:21,7RF7NW958D,2022-11-20 09:48:45,interac_202211252300_9,EAORW2V4GG,4S5MDMHJTU,MEP9ZL88SN,BD35IFZQSS,WSEJ2ATN6T,SP1D6KRVHD,FFQ8V8ILJI,OOHQ3MN9L8,UVF3TBW0BK,PZNIFYELMP,AATBP1B8UA,QE6MBEV29J,S3BRY0OHIY,Z9JRSL5WYC,8I53FS6X5F
