acl_id,acl_dop,acl_loadnumber,interaction_id_ps,archive_doc_id,gms_channel,media_type,media_type_2,betreff,topic_subtopic,interaktionstyp,interaktionssubtyp,mandant_id,kundensegment,customer_no_tho_ps,customer_no_tho_gk_ps,customer_no_tmd_ps,customer_type,businesseinheit,ressort_id,vbkz,onkz,zeit_warteschlange,crm_result,chat_server_session_started_ts,chat_server_session_closed_ts,interaktion_started_ts,interaktion_closed_ts,session_ended_by,session_ended_reason,terminierungsgrund,vq_trf_source,skill_customer_request,virtual_queue,ani_ps,displayed_ani_ps,gms_source,urs_sn,gms_sourceinfo,genesys_url,skill_routing_type,routing_info,messagesfromagentscount,parties_as_agent_count,session_handle_totalcount,session_until_first_agenttime,messages_from_agent,session_until_first_reply_time,eun_id_ps,eun_uni_id_ps,unt_id,unt_name,bdmp_filepath,bdmp_filename,bdmp_fileentity,bdmp_filepart,bdmp_filestamp,bdmp_filetype,bdmp_fileformat_version,bdmp_partstamp,bdmp_loadstamp,bdmp_id,bdmp_area_id,bdmp_transformation_message,acl_dop_year,acl_dop_month
62528,4M1WUF2140,772440,interac_202211242151_0,7PYAR93GPL,3N8ZV7TQGA,Android,2X7ZGVVE5L,PGLHW1NQZX,RBD62L66WT,XFY60QRPNS,PT6GJ696A3,645,483,343968,261012,31630,251,QRCJ5WANJ0,145,393,IHLV2949SQ,50,628,2022-11-22 08:53:46,2022-11-18 18:58:34,2022-11-22 15:36:58,2022-11-18 02:39:22,FCBJHP0O2Y,1F54Y78SVU,F5OBPCG0EY,P0ZZNX2Q3W,ZJDUKLUFY1,RPLTSXG4UM,87354,354467,C39J2OF8XI,VP50CCXZGD,BN3UCC4OV7,ASJC9RG9R7,144,QNHEQBJ4T6,760,976,328,715,41,985,SZCTIR1S2P,sdom_202211242151_7,803575,G4H64FB0MZ,TCVKARG9IQ,BYSQI18MYO,TDEUUHFP1B,SJCWCWU2JT,D0RUB9H52A,HSK7MDYKU3,KY7Q2R5109,S43867I6ID,A85YBGNCHQ,457QVJ6LZ7,HMT3WRVWZA,SJJTXSJAZR,Q5BMEK0QKF,5TVWZOSAP2
236981,4N1RGEX33Z,605236,interac_202211242151_1,JOAQQOEPDF,F5G5N7QV41,Android,S6DGSNCM6Q,D7V11X03V3,GS11LA4H5M,RV20KII0EG,A9WSLN50ZQ,681,965,73303,755635,608609,739,5M7MCXOZI0,85,736,K2SDZQRCSY,619,619,2022-11-23 15:22:34,2022-11-20 00:58:34,2022-11-21 18:44:10,2022-11-20 16:34:34,O64M6BXX6K,LWSDYVE5A4,P3434E30TQ,GFUAN3MHWK,C3D8KEMPIU,FVCQBMDW4X,187000,618678,I5PU7K672R,BTS73PXC4H,SJEOT2MY8J,OB9IC76RYK,812,HKD26O9MXU,83,940,231,120,17,615,VDKLVQ659F,sdom_202211242151_4,316265,N1PVV9JLCO,5UGCTQE8LW,JN45B2E150,61UUXFRENX,WL5HSXNRAA,WDBHQPA7BY,JTJW85XZ7A,W9VWE78G58,VU07U2RTC9,SS9Q78IHUK,WUTIJKSX2O,5HV28XL3N4,W76YJHWI30,SBKSNQES0L,5FI5TKP4FF
818980,6AU0I5YD37,222913,interac_202211242151_2,UKSJM3J1D2,KN8Q0B9EPR,Android,JE3DP996OI,JMR39K8G6Z,NYQFGKFBXJ,89UTCQWWHG,JM2EYMGQB9,325,93,70600,482597,889648,528,7KQIETS73Y,286,497,YJO4VFHSDU,270,801,2022-11-21 15:08:10,2022-11-21 15:51:22,2022-11-23 14:10:34,2022-11-23 09:51:22,IH0ZVW2WGB,075COGKJXQ,E6YNJQII9K,J96FKD182V,E18LU4TM1U,9A9SHJ037D,866339,374029,IFCKE747TV,OT0L4QPTOC,ZROGQZ5IKD,WZTKE63XZN,28,O8MA8FYAOH,950,416,229,273,358,692,GRJQM3BWYZ,sdom_202211242151_9,392146,QV3SNP19ZY,E30JPTRYQS,Y9AR1OR9W2,ARR9C5692S,V7Z2CG6UZG,OOXM70K3WD,8CYHNR49NF,BBG3UGANC0,36GX6UU2KK,26761FFFYT,COK809A820,HZVC0I6Y0Q,8KI004I6EU,9R3G99HAIX,L8IRQHVR95
103209,BIGJS5VQMB,374606,interac_202211242151_3,DV6BCJ1D7V,J8LFXRVJFX,Android,0BG09RK4FO,L1MLN664PW,I1TC6Z3ETF,U0HTT5ZNI2,3WTLH8WKQQ,744,844,39244,155070,631034,588,Q4D6NIRN1D,594,851,S2ISK4BI7H,736,621,2022-11-21 04:05:46,2022-11-23 20:24:58,2022-11-18 06:15:22,2022-11-23 12:44:10,92JLIYG6C3,5A7D9R673T,5WO13IEI24,W8FLF2UL78,HAAGBTC250,KYFIWHIVGD,246030,34119,9JZBFI3BAE,RSWWD9V3S1,0HW699KL24,Z2ZJX0OOZG,65,L1T50FYCAL,848,213,663,712,393,596,6G1WAHNSYK,sdom_202211242151_0,133857,YESP4SCQYF,IW4GRLTXIL,GM23QLIL7H,JN8J8MD8WI,UW31E1AM5I,WA94D14VOB,XV8D4JSTOY,DHYK7HNUQD,BZMV1I2BLR,NGKNF2ZJGW,A68ECDCCM0,IHWP4FUQLR,C15S618T6X,OSI29YOHGU,ONS5RLEOWH
517583,E5YYABBLJI,235705,interac_202211242151_4,PTY6NAUU5C,9MF3FIJGB4,Android,QQ92791Z7E,S5H4EKWT2S,78KSBTWDFV,VD21QAFJHR,WNZVXE3ZEZ,288,806,893589,52924,482681,32,P7LZ1DQF6I,25,520,265W4BH77Q,317,842,2022-11-19 08:24:58,2022-11-22 16:34:34,2022-11-19 00:29:46,2022-11-19 13:27:22,OCT148VBHW,E954EP0KDA,DKG0UDWYW3,W4DVC7G8DK,2SSU4WWP1Z,R3Q457TIXO,894214,433630,M25CTAPHPR,L5FFTJ77BV,OZPUK0ND53,HXP2FLD84H,595,UYWSF99N9K,531,660,170,851,331,251,Y3C6IJDEG9,sdom_202211242151_1,615907,MI8H3MD1MR,058SK6OPOW,O2DE97BWC5,NKGRD31IFK,KDHS59E3V3,JG2JS263EK,VC1WYLAAAH,JNT7WH8DT6,EN2BIKCX8J,LRAJ17KRZ2,33WJ1CYL2D,IYRI31DFIP,7ZIOVJ2QL2,9DU9LP25FH,KWUZCX1WTI
578802,MNPTHQ050P,768358,interac_202211242151_5,ESPIILFXH2,YUTN28Z9YI,Android,FZY5ZFSRQI,1YWNS81N0A,NOQMSMMWPR,VZH1703WLS,K0SKLWEAEW,527,463,372138,294544,93387,694,Y9504E31LM,833,391,HVGXUNP6UV,597,457,2022-11-21 13:12:58,2022-11-21 04:20:10,2022-11-18 08:39:22,2022-11-22 19:56:10,5EEEAQ9OPY,0CWLIAGUPF,FZKUDLT0NC,TZE6RF1CSJ,OBGZZOF69X,HXOCQGBJGY,542759,786687,AVBYUCC6JW,26G6UY4BDB,WDEF82GS4P,WHRG0OX8NK,921,PLKA8MRI7U,596,219,816,832,875,537,VQ47DQ14VZ,sdom_202211242151_8,258063,510SGEV7X9,2D56SEV9QJ,8BHD4BAK1R,7GZIFUEJJS,EVQJBSNR8D,G8D8KJZ3A6,OMLLB643YG,NGF0JMCCUP,CK0359EZWX,SRFMBRLSJ9,3GJEQPHQNU,51J9H8PNYT,9YOL4H1PMH,16T36DKRSL,ACD6DLEP75
99375,PEPA84BD4I,764501,interac_202211242151_6,1NR0PQB9BU,UH9F1Y1J4M,iOS,2ABGZ702RF,K84I6PUQVP,UBH8C4FCO1,V6JNJ3L70S,DLY8MRMSWD,392,358,331328,832117,666346,847,AEN73ZY2DZ,168,404,6C9H3ZOJTP,490,352,2022-11-21 16:48:58,2022-11-20 06:44:10,2022-11-21 19:41:46,2022-11-19 06:15:22,TX7N8U4DQ1,4LOONKFMQX,KLSMANWLRL,2WIKZRZUWC,08BN5VP36G,TREY3ANJ63,918513,478464,NMENN08CTZ,4SQAEVYMRN,MC4ETNLRVO,X2EHJDIWJ2,574,A884YJCQPX,68,192,543,578,88,578,14CYRCJ1DW,sdom_202211242151_5,428409,RQASC0TDIA,97FDROWBV6,KS0PHBJ6A7,AUIZH2HV7L,RZ57R9VALC,CO1XDNFGEW,WTN9WRZ1AN,UI9W2YNLXS,BV07V21A61,OT7QCZBY5C,FNNQZPIAT7,7U62AQYWNJ,7H3H16N401,NHVFSXMUEV,HWRI6QSHT8
194540,STOAPCWKI3,421805,interac_202211242151_7,8DVRJ4K0OY,K2HAOZO1UX,iOS,J3US9TYMUT,XTCLJPSDHN,RI1CLFRVDQ,TBMJ0F9WAF,OJ4EY8LN3M,16,709,218150,260009,91166,758,BKF7O9691A,222,707,6AM1R7G6P5,125,857,2022-11-22 12:58:34,2022-11-19 02:10:34,2022-11-20 07:56:10,2022-11-20 17:03:22,6RM8FVRJOF,WRMZ7ODO1W,85PDNZSDTT,177YRAISSV,XBZLIRHZYH,MBW9M0D8SW,827089,808161,J6JOPB2P0M,R5FGCBUGDO,XUU4L1LAQD,INV80IWBOL,50,8SD7BHDRU2,265,209,770,138,804,184,WZADHBI1NF,sdom_202211242151_6,475392,SEU3LXGATY,DL12J9AZU5,LT5IV84BPE,DR8BLDQH19,OC7H02M1V7,QAY6Y9V85T,V083M8I9FQ,X1CX8ZJ7K2,BWESIE5M2M,U4N6KGEUJD,PIYLJVAWX2,YSCYX4A4HX,3F84GW9FWL,KLFLVALKUD,NVSJR0DJKU
271653,T8CNHGUVU1,463085,interac_202211242151_8,RGBAABK85F,3WS0WSM1OA,iOS,HK2E827HHM,RK2VI9ZY8G,NMISODJV8E,JMNXRHYXTH,NDXFOQOGNE,763,242,101817,41657,410502,477,QD17DXNIRL,105,292,TPFA5ZQ5DR,631,567,2022-11-18 16:48:58,2022-11-18 07:27:22,2022-11-20 13:56:10,2022-11-23 06:29:46,IR48PXB9XY,NDQS4LJSBC,1K90A1XYHA,DVC9CEJUJ4,09DXWEUEOD,K4XDM1XVZC,843039,849943,C258ZH4W5Q,O8PG8RLTCL,XOEWDY4D7H,CU87X4LJVH,39,2QTP6PVNQW,289,76,85,859,95,206,5HC3VVT2O6,sdom_202211242151_2,534461,BEGWAB1EE9,MJ2J3W2USF,DGHD9S789N,5G8IASC7TI,BL2SY2NOPD,2AH7A5K93M,ZQHIMXOQY6,Z5LSO9WNSO,2L06VFBUUM,8ZJVGXGIKT,CIW8XX5ZM1,JHQQFQ1OZZ,IWPR1N3WNO,YEEJ8D9BB8,OM6IPCPIP5
616242,Z65696CLYV,808615,interac_202211242151_9,N24SC4SISG,NIWQ8GLGCI,iOS,J2PUSHNRAQ,T42NA1MOFE,ANULGBWZSA,4913DXL4VJ,JSL0J4VT6X,267,226,135909,695519,831925,129,QC1XZWG9S1,86,855,2B7PTWCLR8,571,958,2022-11-21 04:20:10,2022-11-23 02:24:58,2022-11-23 12:58:34,2022-11-21 13:27:22,FVRW9EMKKY,TU53CPXAQI,DCYP8BC1SM,ELJ5TKUGOM,LIEQLF87B9,KP2ECEVR1D,466466,426836,N8FAMMBYDH,S9H07ZWFW1,XQ6CHQIN3G,4R14YD1ND8,117,C0PYE9CY5U,633,185,324,780,323,600,PY03AEGRC6,sdom_202211242151_3,46569,GAPSIQE8YP,2LHD2HR8KP,L251O5AUL6,RJWMGI2EHD,WJ0N0Y54TP,6XSAX038VN,8ONTNPGCEA,LU52Y9QRBE,MYZTCV09G2,WB2J7F65SI,4DEETY5O94,ICAXGWIPSG,YDPMVXLACW,7T78RZNYSI,U2QXO235G5
767592,DX47ZJVM3K,603637,interac_202211242202_0,IQQG9VBILX,14BX6E9B32,Android,J4P5QT8J68,B3JX645YCY,96C0688YW0,SM21GQ83OA,CZTI1DBJ8Y,715,94,231249,169430,290291,47,JKZ0LWWFI9,199,546,9GFAWVG1LH,461,960,2022-11-21 23:29:30,2022-11-23 19:24:42,2022-11-23 04:31:54,2022-11-22 06:41:30,NER6VYCT60,PIVKLIC7MG,ZGEYU94PE2,GZFP8WJ4DG,T2US1W31B7,WDQIAJB5K7,609952,297627,EHLLQSDHH6,I0ITRR3RXO,K19YUY3B7C,ETQKAC0GL8,309,1WCY9FCID8,2,377,991,637,94,580,I19N9SCIGW,sdom_202211242202_5,839013,L0T94XRB1Y,5SVXZY8T41,6YZ6BK50S5,78BV1X3TON,4CMTMAYL13,MXD6YAFTUA,IIRZXZ7ZV8,OC3NQG8R3X,3C4WYLC2OL,5NU31XAJOU,VSD8DIBSV3,QF8SREXX4V,UPFMMKUEOD,SY2S11WWIR,C322NZRIBK
782727,EAVKAPDJDB,627024,interac_202211242202_1,W54EOOCH9T,H5RZ7FFACY,Android,U8FKK0T2M5,OT4DB0C7A6,IX00AX0FVG,V0CNZYME84,DWG889AIXU,346,495,731427,707262,64253,491,NQ4HBG7D5Y,747,471,86MFCOKUNM,974,366,2022-11-19 12:55:54,2022-11-22 09:48:42,2022-11-18 17:43:54,2022-11-21 12:12:42,IL542IU9R4,DWXTOY4337,9LRPEGUA1S,GBAM0ZSF0R,S0JHTG1XHA,OALHJ8NP8X,970369,553513,1H81MTCV0M,5XX6S42J9M,TH585TU44O,LMH7TAES5D,392,V93AMB8243,323,660,298,847,925,342,Y4VSF895AB,sdom_202211242202_1,147080,NDII8HEPM4,A1H3Q8BRDR,DCHWHFJVNR,19FZ8Z4GP5,2GBL30JMS1,O8YDB728FP,QMHSY8SR0E,VYDWKECFRC,T6E0GTGCBD,HSOIHVDYO5,CW7UN5XQRA,G5DQK2Y6TW,0F6T46N4PX,HC3ZZQQ7C6,PPH6OL36HA
855841,GZJTJAXGSP,921669,interac_202211242202_2,WUHW86V2OE,CLLLFOUEVR,Android,6QVNAL6097,3L4664U6O6,DV9JRM4P9G,X3AQJNAB5W,2GOOFGK68O,782,88,147481,625371,353337,409,T4APFIMG34,755,498,H388WUKBSG,85,979,2022-11-23 08:36:42,2022-11-21 18:55:54,2022-11-22 05:00:42,2022-11-19 23:00:42,NDA4F84QII,5N0FS221EY,HOWAMFJT2U,QNXX365EH3,HFN12R6BER,8ORAEIUFPV,744265,44708,W89UP3SYL5,6GQIOM8A8N,OK3QCM5HNF,ETNHD9PBZF,537,03K6I3Q3XJ,113,792,42,709,554,892,C9TEYWPONN,sdom_202211242202_7,732252,6TC3O0PL22,WURPGDE9I0,WGNU6PENGQ,YVLR87XRLB,T3P9THCFGV,3YULY0482Q,ZWTQZILGUQ,LJLJUCE2QJ,EP1AIVI40I,4GB611P7CU,IQW7ODN1GG,8R3HX8A1MG,QOK9DADXU6,KBXD8XOJY0,ATHVAGGE8X
44552,KHMFTAY5UK,863923,interac_202211242202_3,7I86OGW3G5,NI52TJ72XO,Android,M5K2FUHSJP,XEMKCDR01W,9SJ971O9N7,9MWL5XNZA8,18J4543OBR,328,60,931595,437555,270022,802,R1ABHPLLBQ,165,697,MPEF992NRD,117,688,2022-11-21 20:36:42,2022-11-22 12:27:06,2022-11-18 05:15:06,2022-11-20 16:03:06,1NMAWMPAHU,YJUXNBLC69,Q02JN7O2TW,2FANKZSJ4Y,YPB1HZW3AT,9VTA8EXFX8,802451,513743,N5Y6J4XGXT,EL6Q7VRZ1F,AB0T20YFC5,PJ9Y6RU8EV,992,AP9NF723NC,504,371,994,72,905,558,MGOEOFYZNT,sdom_202211242202_4,171188,EFMRZLP1BC,M81ZW20YGV,QQTMWC1ANW,OCOIRMB97X,9ICYRT4EC3,FPNGSV7V1P,YGKYBLBP8Z,T7PFL4NVJR,59YIPBUA4V,W5ZIA9V08W,IOD032KDQ8,5KFRNDKL31,7GM6KSGKJ4,02ZWRLMJMS,J4FZT1X7KC
896958,KOQXPUBNL1,941426,interac_202211242202_4,1DN763JL99,6UGM4843B7,Android,TYLLGG5BPF,RJ6H9SFL46,1ZK4BAOT29,K42HK382DH,QDW5DRGUPY,919,932,196388,868646,571911,436,T33INZFI9X,280,856,XM5YG85WRD,193,64,2022-11-21 01:24:42,2022-11-22 22:31:54,2022-11-20 23:15:06,2022-11-22 05:15:06,KQAIFU5ER7,KNCBOYYKSD,JKFLKW9S31,4JP7WDCTEN,4WF5FHU874,S9BKAF66J5,298517,516022,RNGG0DOAXW,VB6AW88UVX,AMWROH8TZP,NMEWQF2XIO,374,TWWBNZN500,533,591,13,278,707,530,PT23G32437,sdom_202211242202_9,403992,H2RHBQKPFC,JWA69LRIMT,P99PEYC0WT,77GXOUF52V,ZP5HRJHI7F,QMTY7EDRP6,28L0WQAU0T,IHED2TGIOP,0E0KDRWJBM,4LGELI5KNO,6XTDFULZNV,90T55T9053,1TH21DIEZ3,3RIAMBV7X5,FMMU24GNWS
931382,MKFBQLQZZR,146335,interac_202211242202_5,WXCKSY5IH1,O0HC0CRXWS,iOS,BKZEMYKPO4,GJQVK8UC72,BTVN1UVN7N,OX0LPU98QA,5L2ABMTFTN,763,610,412582,745593,216840,540,6NBMHMOGWU,400,382,ZRKEB1A6XC,621,8,2022-11-20 02:22:18,2022-11-22 02:51:06,2022-11-21 19:39:06,2022-11-21 03:34:18,RRDGSIMY14,A9VC060JJ0,UKVMGA1DRB,UUQBJF3BVA,W01RTQ1BHH,E67B4KV220,256567,375554,P147UD314A,X1T64HU8T5,5L7LUMO0WI,RLD5RVXC5C,551,0CMXRHGLM9,350,137,160,542,593,72,1Q4SHOAJBY,sdom_202211242202_3,403237,9N160RKIG7,2U86THSKW9,J3LCUNCELU,Q929P57KEG,9E55CMHZC0,HEJ1L69K0G,VN41WAGZYT,VH0S8P8NX9,H3H2KU2R6E,5X95CIBBNB,PE4DLFKRVT,29BLCUP374,WYFTPIK6VQ,AQJVMFZQ6B,DVLSH1JOXI
884525,OA18SQ7E7G,952840,interac_202211242202_6,4PD21ENRTQ,CGRPOL5OCB,iOS,XI9QKHM5B7,2AEJT630A9,GAN2030G8N,WUQOG3XFDY,ZUZB56MDGQ,554,469,680346,901979,57924,963,7JO0FT0P5E,453,424,2FYNEK1EAI,409,963,2022-11-22 06:55:54,2022-11-22 10:46:18,2022-11-18 04:03:06,2022-11-19 08:51:06,3TWFY3RKA8,J243T8UWKT,P2JF3WK4XN,XZ5V136N0K,0GKY4QQ6BS,MNIPCV88M4,532166,23341,C7V1UI0I0J,33Q7J1W5TH,XSOD35U1RP,X3Q0UI6PIS,338,PIS6875PJ8,101,15,398,730,577,600,6LOEZH6CBF,sdom_202211242202_6,826488,61WE04IPLE,CS4ZJ09KUB,4NJ44M32YD,UF6YESZK9B,OM74YLU4YF,3BUZWVQQQO,24NRML4H6O,MVY8JV1PXB,J0DPLY0B0I,1JVVG130RU,XQLFBUPLNY,RZOYG55WFT,OAK0UOPHA0,JKX0QZSEO7,5NW8B12YPR
171161,P8C5U3KDLV,428309,interac_202211242202_7,HUL4ICEFIX,MLUECUT0F6,iOS,5NU8FAUJ6M,A96CZSP0ZE,2YK6Y3Q4RQ,VLIEMA0FNQ,DQXD6PZIFB,866,50,370748,903295,751799,371,KVI2CBLCI2,585,206,S7LBJ3808O,779,821,2022-11-23 08:22:18,2022-11-23 06:27:06,2022-11-22 19:39:06,2022-11-20 02:51:06,ULWDM20JBJ,Y27QGLT0KB,HM368TPR4C,Z0LQIYQ3WK,FEPY957UJP,0FMHTWYKA7,390857,834017,JJZ29IJARA,A4PXMVB565,ZNTIAO3QKA,PCAFW7TN5C,709,YNWVWPGYVJ,140,176,616,57,119,950,OALZXI81FA,sdom_202211242202_0,958828,8UHKZWIHBP,7O8OZ3XBWI,N1M80N0F1U,3DR3U92O0Y,NBJHREUZGM,7K42RRZWAZ,LEAN8TFNQL,XFJMJBDUD7,ER3AE62P1I,XVQG5S67IW,66SPGSE703,ARLD9L8M3D,1MM38XNST2,652MNHRGJJ,DXNRKZBNAS
932008,S2AKK6N7EX,318940,interac_202211242202_8,INMRBPR7MX,0540I9LZO8,iOS,3IYZR6R86T,93NX4UBEH6,IV3NVHGT0L,UY5LL2BMRJ,POB6G0YKBZ,960,581,393036,966540,577203,66,VC0OAWE7XS,370,383,TA2RCNOPYX,839,835,2022-11-19 02:51:06,2022-11-23 03:34:18,2022-11-22 13:24:42,2022-11-20 19:39:06,YS9ULDYI06,ON97FF251X,ZIXAYDEIIQ,17J3SGL5IN,AW3R9I92U1,UBVEZHVPDZ,51054,189446,DT6ZWXDKTS,ZJ0MM1JOR4,DXBJGH5JQY,GSM7J4C2DV,485,I5B6CJIEXN,386,439,143,227,917,527,5ZKULME1X0,sdom_202211242202_8,431090,OW7PVM32JK,F1JUYN1636,NQ91HFW4D6,NJ9TQED0EA,FTEBO9EAGF,P1G2G6P5QC,0N76S03NHB,ETWVFMCO7Z,Z7VQ9HODDI,78V5VMQ5YP,HH61WWQH0T,0L51T18D2P,QJ7JD5XDEN,X6QEKZ9VY5,RVOPWY7LOP
369878,Y12U7AVI7B,410194,interac_202211242202_9,EVA5XM5E5S,U61F0CXQK9,iOS,C96C8ATGIF,0OZCY604IU,NU2GXN4QMX,IE4J90VTCH,ESJ03S6BM8,407,929,338374,270848,41136,608,A7CKA0GH1E,120,581,NGQ25YQM8J,365,54,2022-11-18 18:41:30,2022-11-22 23:15:06,2022-11-22 20:07:54,2022-11-21 06:41:30,Z8D4CN4P1R,OPWKIROEUW,I69SVVO3W4,L16TBS7C5C,96VMWBKYAJ,JCLJWTFRKZ,514411,59176,T24MX2HJNQ,CDWWBIXJ9Y,JM1MFR3R04,HWXZQ4UOF7,624,FW6GOOO2YZ,534,753,116,215,530,394,PKD7BD8GCA,sdom_202211242202_2,1943,POZR9LQTU1,8HTBPH0ZWL,CUL4OD5RT2,0GX9AP0AJR,RTBMWIUZ6F,GNO87NE4IH,KDO25CG9W4,LORF7DIZ04,J067DFX1WK,7GLI3NEYPE,EA4WPVWTRN,UN4T1ZTUXU,H9NLXOB8KC,LPR1PXJQ99,SKEQYUPXV7
645697,53WR09PP5W,548009,interac_202211251045_0,6N8P1LD4RC,IW8GCTCAGG,Android,21FEGE3DZ6,GVWA4A1EXZ,NQXQEUDJ1C,ZS20MHZGWN,GNOCD7WZDN,386,557,179614,446373,317107,587,22LRHRLF2Y,858,220,WM4QGPYBG7,12,165,2022-11-20 06:41:26,2022-11-22 14:07:50,2022-11-20 02:07:50,2022-11-21 12:12:38,X3AQEP91HQ,4QW8KWGTAF,C1Q1NA4JID,Y286G6CU6S,CPSY2KNO24,O8FZUQD1PE,17902,298017,19650FY7WC,EFT8343MQ5,7T5O407KBM,DE9TZYZM6X,481,9SAXHJ9985,859,427,620,120,150,40,S7SHTYG0AR,sdom_202211251045_4,457934,9VJWCBW66Q,A9IXC4SVRZ,H209F8MDID,BKW6H5W3NY,9FNXQ6H20T,C4DVHUEAR1,TNZ3SA82AI,M1JE7AEKL3,X724BF8LM7,2YBNDV6X8S,AIASV7EPJX,YZ8EBIW15I,WFFF9VKFK7,RQ99XQF9DM,1AY533JCJ2
193550,7H94V067LZ,810785,interac_202211251045_1,OE1FPVY29S,NAZGTACXO0,Android,4MB2FN7CL9,SIVIVDU0JE,PFYQ7MCJX8,5PAW0EYOY2,X825QSYJKY,981,781,380311,317423,129778,155,XLS7NKV3P4,322,572,96WYKEMNX9,470,386,2022-11-20 23:58:14,2022-11-18 20:07:50,2022-11-20 22:03:02,2022-11-22 14:51:02,XXOKFHKNQR,TB0TME951N,X8BRH7NGMR,Y4CZVMOG6W,BU8J790Z70,EO0651FLJR,829986,923098,8WY78BSFSW,XCKGSB3IR1,KJPHULXR4L,TENOGECQWO,82,6R46FDUQPU,104,704,604,125,519,630,GQL0MMV4YF,sdom_202211251045_7,674063,QG12Y4T413,CPHSEQX0FZ,8K45UIYR8E,QYS2RHCOU7,GZZEG841HU,9XMV8LR62Y,RK7TGGHA09,CICAXKEDRZ,XFCW0T3STH,59SEKMKA6F,303WD5QA4F,BJ4JG3UDHC,I009ASAJEN,4O84OK7KJB,H6GWAPC3MU
129588,88ZOTWGGOM,153997,interac_202211251045_2,J1A1APFARO,4XTRNIL2PV,Android,AN5ERWW019,76IQNCTQ5S,QH8LKJ0FU0,ZQ1M3UKAO8,9GBYKJLBHW,421,413,477475,155862,301913,720,W0X1X0FFFI,967,325,01IIY0DX74,49,303,2022-11-18 23:29:26,2022-11-21 11:58:14,2022-11-18 17:29:26,2022-11-22 22:17:26,IVIV4ES0P9,WLH9VF4SRJ,BW8TGJC6Z4,QFUVPAYSHE,NEV69Y0BSP,YD1E1E8NLR,145858,885897,NDTSIN6U07,89YL5439DF,PSSTP8EP4J,IWZ806PTH4,35,KTGZWFJQPJ,638,595,107,119,833,758,AOFS659C5P,sdom_202211251045_8,782222,2DL8JWF0M6,0TYJOKY3E2,GUR5PZQOSA,VWZ43PEPGA,J5KSSW0MW3,G84X63ILFZ,SS8MB1557L,O82E1YNVCO,6E99R3U650,IO6IY15L0N,5MGGB5UH3H,Y4XOAMTAPA,0SZNXGA5SM,TB9MVG441C,N3V6IBVT0X
843743,8JPEWVBMNA,416488,interac_202211251045_3,CZJ90FKSOL,1XGMLB93ZR,Android,M1RIEVGOBT,LMIA92AKU9,X28ZSU3I04,JYE0JSYFT4,UWNHVAUA6E,182,219,23249,863454,287271,848,HNSOIXG9UY,510,709,9A3KS6HAYE,758,867,2022-11-23 10:03:02,2022-11-23 17:58:14,2022-11-19 01:53:26,2022-11-18 16:03:02,7RVRUVO96D,DK64VPDFWU,4X0YPA3AEL,7F2DP89QI2,TP4ZUZGEV9,NHB0W82IJZ,592558,5089,KZ852YETYQ,5NB22WVP75,5RM04S82TC,IGT7JA9HBA,679,UZ1Q4JV5IE,879,415,887,90,614,180,2U89NQTL19,sdom_202211251045_5,787443,9X3BUEREVO,56SQI7HI3O,WRC0FVLEZM,IWHMSZ6H4X,X554U5GL6L,6UX4SUBUVQ,7HISONM357,0MRBZ3JOKJ,HSHQK6O40S,TMIFS1ISJK,X91MWXHF3O,J59W2LCWEN,5555RV5OKN,6MVSFGFQZ6,80532FOV24
976154,BVQTWBY5HP,602321,interac_202211251045_4,INIZNV7025,RBR655B4JI,Android,FXJEWXII49,397GEG5BN5,Y2FO3W87L5,K95IRQUPTK,L9EB3NUK13,979,535,74372,121305,807159,15,YC4QBH3U9A,336,338,4CHP9KVIAW,322,81,2022-11-22 11:58:14,2022-11-19 05:58:14,2022-11-18 22:03:02,2022-11-20 13:10:14,W8LF10UWYJ,FHUJNNRH4H,C9TYRZAP1Z,T09OIA47IG,74KRO3NBYN,NNHY6XUFB7,159560,335110,19GP2VM120,NXWSSY2XVL,FD1THXRA1Z,1W2HQ0LCGB,714,OEK56HNFEZ,697,123,635,391,396,27,KJJQWXFKMA,sdom_202211251045_0,3292,7YQTHBX3M5,76UEHTAJF3,E2WONTOYHN,4MRRS426HX,ZVZZ5XWHK1,QRHYRTQ0S5,90IQA4C82F,TT3NGG01LC,9LD6AMQTKV,8RXJVDVR1L,61JHQMIEZS,YH71VEDSUS,1P6JA5PP2H,4BLQZMRXHK,WGTZ9QGF6X
941858,DYD42563QM,860859,interac_202211251045_5,YNF81KUHDR,N8OF9XLYAY,Android,SMRTWPWGYJ,RODWU5OT7E,EMMDFS9FFF,WTNO9457SC,5E24MQTK7C,959,444,310404,130391,813620,928,S8WTD6Z3GM,546,935,8A7Q0R2N1W,712,380,2022-11-23 18:55:50,2022-11-21 04:31:50,2022-11-23 06:41:26,2022-11-19 20:22:14,H6S8BC44YZ,21B3RMDWQD,72B0BXBV65,KM8C9YSG8D,AJUUO3L312,4XMPZ95W75,225712,467370,7X3XLV5ZDD,EOA20UAF7B,222773K313,VPBZ7UCK01,255,030CT8ZP0R,485,106,952,799,805,682,HJMFTRJ934,sdom_202211251045_6,383760,T7IVPM4DAA,XDA6W4L9UA,MENB4CPCFF,D5YX8TLXUA,BOT3LB5GO3,YVLCFNBBCD,1PLJTNIE0Q,X1Q10T4N2Z,MUCDO2ZV3H,PMSB4SGTG1,NI95MX81ND,TES6I2YWWD,1RLK9EC4EC,8XOXC7688J,4PYZSZGIYJ
886370,E09XG3OJLK,341370,interac_202211251045_6,QC0G07JMSR,DA54ZJ8A53,iOS,WW90547MTF,FN26D9JB6A,9151XI9H5X,PNY4F85FDW,I50Q10WS6F,926,378,995451,12745,419549,161,HFLIRW170J,821,436,W9C3GE1MN3,473,353,2022-11-22 11:43:50,2022-11-24 03:19:50,2022-11-20 17:15:02,2022-11-21 05:00:38,D4DRJGF39S,I30K7Z1VYV,JB87ZOWMF9,2LD58DID3N,BN8C001MGI,VMRIU81Z0R,154974,546530,TWWIK2MLHC,RF7B90GWSA,C4B1GIOFRM,94INE8ZG2K,917,1IS1J75D70,707,78,776,125,675,279,FVRLBHNVFG,sdom_202211251045_2,706415,SND5DLZJUS,HRNJ4R9DBW,MSKZR63B68,OAH3G5QGE8,OCZXMKY0N1,T5JI417EX3,Y5T1RUCOGM,L9XI554QCA,UVYNRO8O6M,VE0CS75L7L,CF6RG6RUJR,PIRS1YGQ88,YQF406FVIA,WUC8P3T7OA,N1FU0A15QA
173658,HI394UYQKW,581705,interac_202211251045_7,8C2UGCCZDR,T2OPFQMW5I,iOS,FP5N52CASH,4121YX7JDN,4999XXK9KW,BJC5AY6K71,NEODKA3ACX,747,123,118150,688092,422895,551,9B5IC6F7BP,115,503,TYACY8ZZD5,522,820,2022-11-18 18:55:50,2022-11-22 12:27:02,2022-11-21 17:00:38,2022-11-18 22:31:50,CG6RDGFNI9,EZPJU6K38N,VY2VNDJGK2,S8GQ23DLEF,8UP8Q5AHTI,CEZ17PWTCE,367420,595219,0O1I5EZ01G,QT2TFZR17F,MY1AOEBFW7,BRB5JC6HZO,608,F554VYMADM,519,421,56,44,621,54,ZLS4TVZJQD,sdom_202211251045_9,512589,JN47E3PUEV,ZXEI249QLY,V4UF00A5M4,XMPR3NIRT2,AHE8PAO5RG,CS9O295R9Q,M1CDYW7MLZ,C1JVJ1K6P0,JBMM4EGUCT,K9FQA8PJ0I,63H334BLU6,6M0MH67NIT,Z44EWM9Q2D,K69IM7XPQ3,JLVOM1IX0E
58373,I7KJMN3N7O,324823,interac_202211251045_8,1GFJCCGNS5,302VVC7Z6M,iOS,NCTGX6HTMS,DG8HDZVFE2,IZTMPSWMUZ,2COZY9WJR7,4AP6VUN1KB,114,169,806644,329642,480908,377,J7I5ZZX3I8,461,698,MI1W3JETEY,597,1,2022-11-23 14:36:38,2022-11-23 23:43:50,2022-11-23 19:10:14,2022-11-23 03:34:14,89SIGES9J7,OP3Z3KCTGP,691LNWFW4O,CUKYQWPAYO,MC95R62LXR,5SVY60JCZV,542193,290742,RDK57R0Y18,AD5JZHRW2P,NZEIUEG11D,68YAYP505K,700,X1HLPDTLJY,980,432,435,973,794,839,CTORB7IASU,sdom_202211251045_1,69496,AXLV0K682W,7IX0Y2YP14,4H37Z26GEE,ORTA4E7SJA,FT8W1S12VF,EPOOT9EM6X,QFILLQX16D,AROH441O5G,8KBZRU01BL,81D3ABCVZN,KTFRMC2U0H,4CZQY68H7X,K5O3U7S281,EPXHROKPWT,6BVFM89MCX
594965,XBS186GF00,813363,interac_202211251045_9,VI1Y5W9L4Z,N5DFOH2O3A,iOS,1VZ84JMUD2,UGVG649LLQ,4V1HW99NU1,6PB94W1BCW,MTE7XQMX6I,606,641,585830,662631,396419,72,N4TFDEGKL2,558,407,F31N2ZEPJY,294,613,2022-11-21 09:48:38,2022-11-22 01:53:26,2022-11-20 06:27:02,2022-11-20 12:55:50,OWPG1D5DRZ,JI2GZH0ZVY,SU9DHWXASN,2CEW66P6M8,XG9FD9343G,OSH0TDNYS5,781869,35681,C6LMW6NK28,4QBNPE3GUB,TVC31P9SK5,CL0UVGWWEH,979,IVF3D0XQ1E,483,428,843,171,334,393,0YSAD3SFJY,sdom_202211251045_3,524492,248Z9H4ZR0,44BWFM7B8Y,ZHWE0Y5L3W,KF4LK8NWFH,7KJLK8IRML,TQTVW82HI6,GC0BUMY8RH,1PCDD5LGH7,9GXUB1BYT9,7VL1I748P5,DMWK0V6G21,V9P7IQQXNC,0NRG1HVC4N,TAZX5QUT6H,0QAAXCESXB
520957,7AHNOX7MMJ,334928,interac_202211251054_0,4XMZXCLEB3,TCS9I0GYRC,Android,IU24HBOWJK,EYACRNA3HC,LDHTAA47FK,1EEDEOT46P,VFBEVU08F2,886,462,430104,241169,404852,62,17U8DPXN3K,298,677,GLWQ0AKZTM,730,841,2022-11-22 09:42:48,2022-11-18 16:11:36,2022-11-21 11:23:36,2022-11-21 20:59:36,QIAU5SEBI0,2G4YE70VN2,E3YTMI28MR,9Y9JLA34KS,TH63TUIXC4,JHQ4K1FDDO,278388,344232,PZNZ86M3PB,Y0T8RBPY22,7P754J1ME7,WGBBX66SS2,376,F33NNRCIOV,640,569,631,190,559,58,QBCDNMS6TV,sdom_202211251054_2,11327,NKORP2XH8T,RB6T2C9M9Z,81MEHA9U5B,AQWXPFVAF3,327NU1MS9J,LP3IJ6SQT4,PBR2Y2J60R,3XLL6XSGKF,MWI9WBQ85Q,L5TG1ZLPZX,89FW3PH6IL,1XXNNTLTU9,ZMSRGGXFB5,FWBUXH9ZBL,MYNCRGC1OU
406244,8U6ZPCOVMK,202192,interac_202211251054_1,MP3KM3PSBO,ZTWYXVC76F,Android,X8XXMPTDXH,F9SA9MYOJH,MWZ3ZQ7HAR,4QVZRL1EBT,K6ASANVR4P,739,230,34166,609306,154450,533,2SURWQSNF2,930,824,H2GQM7Q8CA,410,697,2022-11-23 08:16:24,2022-11-23 07:47:36,2022-11-18 18:50:00,2022-11-18 15:14:00,AWB4KLPF74,5TRKBGIFFM,EDX1EF2S9B,V35N1DD0XB,MMFCFTYC4I,IWVNGNYC38,851587,92910,CBXET08RO9,2A1R6XOJHH,O3GT06JW3L,NVHOHW40BN,727,5K6JURRBY9,339,2,56,784,159,759,EGP3F5DOZA,sdom_202211251054_9,255502,SLIVV61QUP,ZQMXGUQYOY,PY1U61TUPJ,CERBRCZW8S,74D8GFVOD5,V5TZM35OX3,N5NWBDMBSE,0F44Y8PJXN,4XGYC89BBD,OO71C0WG46,6FJ8GGFOBR,5QRYXAQZLD,KUGAFCG0C3,SQ7HZ5PVRG,GBO62A75ZA
749261,F4540DSJP1,354848,interac_202211251054_2,1OQG08EJ1L,JH2X223X4G,Android,P5OMW1CY3S,EPQ52PGS6W,BL3C4ZH2BX,NWU8YENZRP,TKTVMBJALZ,429,879,66357,759393,367549,712,ZAODN8EKCS,454,151,7ZM6D4UQ3D,786,672,2022-11-23 21:42:48,2022-11-18 21:14:00,2022-11-19 16:11:36,2022-11-18 22:11:36,DTXJQLLYOO,RDX8KATS3M,2MP7RAPRMV,TZXUIGMDWL,2NR47BFIWY,49EKWR4N12,558701,753894,YSJ0QYTD8I,1DP9FI8UCJ,OY5ZK2JBR1,K8ON971N87,556,OWCG4LO69E,420,8,176,703,367,840,1HJJNJI0GQ,sdom_202211251054_3,250069,PTJR9OTMRU,C6QGGVJYML,2XYGPLUBNM,H7B6KGYW5L,NR6IZRQ9AN,UJ1K7BQA1J,E0CDAO7ULB,W8FR0JJ3U5,HLJ2M6S9GW,S6UR9VKGV9,PX3JL8ELNX,S0F1DG33RK,869FIHI4ZF,SLWYEVC68H,IKNEBW8QLK
9030,IUJQ3SQF0B,957408,interac_202211251054_3,MNLGT150KT,N8107MDKK2,iOS,FNJSGB3UHE,FURX54PECE,914TA0EOYZ,FB3U2S7QVV,PYAW74S5H4,891,386,706507,637153,844889,979,0P4XYT92UV,702,1,56UACOD84M,189,339,2022-11-18 15:42:48,2022-11-20 03:57:12,2022-11-24 04:40:24,2022-11-20 02:02:00,X1R9BV29OD,4BC4VTNONT,CR3O9WEP5H,X39H8SB43F,RRXWRR17R5,67HWHU8L66,586332,877337,6MJRI2O4TC,YK3RYGWYMP,EKJQWGMG7H,BZC0D4L5JI,485,HWGE9KKXIQ,359,647,480,218,995,570,IZ2VEP1FNH,sdom_202211251054_4,428395,329XNEWPA5,LS1LMA0XMP,PZEZZ5Z8PZ,8YZ89R3OK5,Q6P6JU3D46,TLCNSEJW2I,3A89OGI4Z8,MMVHONWQCD,DIDH7137GY,6S2GTIAAA4,W5VL0HKMV1,7WT9LJ1T8Y,VGSTQ1GE16,UKYD0LBCH8,ANCPWRX91X
525571,OHS4DY7H1Z,800030,interac_202211251054_4,5S8X2RDJ0Y,CCUASOY27X,iOS,R4TMY1EKSO,N055CJMYKI,3KV7RLANHR,9OIX6UHQ9E,2XA3TDBTXD,608,779,117152,676610,659666,473,RC23GF9UT8,883,726,AVU9R1OL6J,170,675,2022-11-19 03:28:24,2022-11-20 18:21:12,2022-11-23 08:16:24,2022-11-21 06:21:12,OGA7EUXZI2,ADP2DQTNEN,DEZGP659UJ,DAU7UH4SRE,BJQG5P7RZ0,1U2V3V3RZ6,920423,35067,NYBZFIIL76,X1C02LDF63,DR5A5CBP10,GZ0071YH49,742,OQ0E36T1FU,213,664,885,250,261,250,WXIT76MOZI,sdom_202211251054_5,866154,HUFCE35R1G,Z9YTQ4I6JF,308DMT3NTG,PV44VRI74N,4HCFME53ZT,G0YWMQ20TI,5DS4CDLP9M,OEWWBB6Y10,A7WDK2NTC1,GFX0O19MND,GBCCBXDNC9,H2FF0ZDXY2,6SKQURMU2H,CFLFEEA9M9,PAIDJQ1HSV
112561,OOEEW5TBHS,787841,interac_202211251054_5,ZHT0YSLLL4,O6PM95ZG4B,iOS,61TZTHZ6NN,YQCWGMIV5T,I72Q2DWWDT,I3TDVNN6ZW,PORKT68Q2M,456,180,684289,545250,359628,239,WTGJEPLR12,239,888,OOAJU0QQSN,363,139,2022-11-24 08:59:36,2022-11-23 07:04:24,2022-11-19 16:11:36,2022-11-18 13:18:48,07NA0JCDFW,5SZTXDW1EX,K69LT83ND6,2HUB03AWNZ,5TN0F9UU4H,B0DTT592TH,561902,38859,P298EHTC3P,FDJ6RK2L32,M4JIKMXWBD,ZOLEIQHRXV,199,LKVCOC6G9H,935,589,445,142,872,233,UVPDSBF217,sdom_202211251054_0,300865,CJ66T9OV2U,B5S324VROY,NNJ1HD2SFR,ME84AW1V2S,XFTXZWYXTW,139W4ZP70T,DCG304J8XO,UISPF07YGK,KSTNTRKEAK,X5KFXUXWUT,B73B90AZ32,S54GEE3CVH,53FLMEOTP7,FAG6BNJLFQ,6EDFB8N3M0
493644,PMPUG164YJ,293158,interac_202211251054_6,3LBL9CWLF7,3HO8OO5BLI,iOS,ULC3YLJQFE,4WH9ANJ1QU,P2K4PZQGCJ,VCBADED1A1,9ZXJEM2UKA,213,111,175880,212598,16860,83,AQNPQCXY36,595,429,RGGY9Y5OKS,971,412,2022-11-21 17:09:12,2022-11-22 23:23:36,2022-11-21 20:02:00,2022-11-23 11:38:00,OTX0C943AY,KVDSINE566,ILY0EXHK3V,YE21YF8487,M9LHLJ4L8X,SB3FMFO5VV,193928,612239,9EURNLO9HP,Z9Z4VXY141,GMR880GR6X,ONV7UEU90T,701,6CR0D45WLK,693,496,669,994,360,791,KS11RMANBA,sdom_202211251054_8,185323,U3DO2DUOMJ,D0SMX7VKRE,3DVB4UTAJX,NTLZFZN0CI,3UG0KXYMZY,BZTYYVPYHD,E8TLYAV6SP,U0225CS3W4,MX6X7PJ7WS,1TTM8E19B8,GUDEG5MMUS,42A9QK61BV,LMNSIZHCOP,XBLGNUL8WP,O7GRZAE4XZ
132521,XFYDC0JMN4,994545,interac_202211251054_7,TA7VBR2AD9,9EZLG7CPCV,iOS,CQ80HZTG4T,96SBBZE989,NHS56SYMNN,UXCRFCZVQW,6LRWR3YBFF,477,328,55592,772493,778521,739,KG85FF62OJ,206,869,B87DYTMGPD,225,924,2022-11-22 22:26:00,2022-11-22 00:35:36,2022-11-23 16:26:00,2022-11-19 16:40:24,3J8W1WH1E4,25SHMTEFIH,LFNTRD8SN3,6DDP5LV9PD,WMWVM6DMV7,NE2UV0KHDA,861799,788252,ABV6COQ8QB,2OM0XLM2JT,JK60031ON8,BZHPKWDVM7,693,3PIC923T0U,168,895,556,552,365,291,HJ9O8VNDXK,sdom_202211251054_6,969856,ESN5KZ9ZSO,43OZUXJG6B,PKFWY61UUL,AY2AAHVGVI,ZPZ0T0CQRD,CMJ7E4RPWZ,RBOZB8T39K,PB8Z61AIL9,P4CJ9MS76N,BOCOA01ZVB,QC4SUGUT45,MVVT81XV3T,OW90VF6LVH,0T1MQ7DFFE,BFIMZ87A4O
853134,XROPPO00J6,286491,interac_202211251054_8,HT80PGI2JX,47KLE4M3CF,iOS,BRVTM75C1M,6VCE4KRV3G,O7BZ26FX9Y,EU8F4NTZVS,7QHXGXYOF4,420,161,405530,1103,824114,288,OVUPR56SX0,611,756,5L762YL1BD,721,386,2022-11-23 04:54:48,2022-11-24 00:06:48,2022-11-19 23:09:12,2022-11-24 03:57:12,X18CW18CKV,PMHZ7QQOOH,GWKS4ODKW3,ZFB62S580P,87T9359VU8,5YLC8SAGF6,769962,229547,7HADCCTE87,VFF10XQZJI,EWIIUG7U01,TT6XATK3LP,942,HWDY1GWRNQ,680,489,169,232,322,763,N9ZJD382UA,sdom_202211251054_1,843296,BPBFLJM67Y,1IW8S2QPGY,7YYS6KC3CX,IINWRVJMPS,K10QIIG2VL,TFEUDL9YDD,UPYOZSEU9P,3V3WLED4R2,FD624HVQ2T,Y0Y0ZPWRII,5F1E6SDF29,1ZC3RGOBD7,2NGT9A9H30,28SX3ZPKRY,IUU1HSA737
180252,YJYO1PUZYL,200630,interac_202211251054_9,Q2Y2GE5PPC,ANSAF0ZX15,iOS,9E08GHLX8R,Y51H5DIDRU,LPZLQOKEF3,YV8XVCW9PE,WSCM6L2W7X,636,971,633185,277717,550108,139,I1UYXFCD42,961,296,PA92SJF43W,110,169,2022-11-24 04:11:36,2022-11-20 19:04:24,2022-11-19 10:40:24,2022-11-21 12:21:12,G9O9VG19ZH,NEJM2T6R3U,3VQD9Y4MSF,TVFWLRLST4,DM217EB2TU,WZV1RM5L9T,830074,123885,1E2Y9PVOFR,WJ1QP3B7GO,2M531FGGQI,4YFSNCLUE5,173,26XDCAHJFL,777,333,765,352,989,115,PCY6D3869N,sdom_202211251054_7,114912,CBI3V4YLZY,XIMFAUC9N5,BTLW69LODX,PVUP36GEKQ,CHN7IE9R8I,ODNLHPX93V,923EQFN0DT,1ARX20P5K5,NTIIASCQG1,PDJVBZEXAO,3PDNGS60EX,YU8WIR9X57,G5V42ADI06,V5I443ZENH,G7GZ4KHQV2
442571,8FF4V27V4X,713374,interac_202211251415_0,PHDGVHDJKM,9OLOJOF0DJ,Android,LJWA3SEJAH,KIASOX5PPE,C67TESBLY4,BEP9Z2X9VJ,ENJLZ1H7OM,827,769,177778,178579,570737,838,006P0XGDAA,898,926,GFQ29H5N0Z,770,598,2022-11-22 04:54:23,2022-11-20 01:47:11,2022-11-20 04:25:35,2022-11-21 05:51:59,CQCEENW2U1,N7INRCEQY8,80ONQ5F0K6,N5XXDDK16W,SYL5RXBIZN,SUQUULSD5W,783896,199964,JQFUVHKB8M,0GVFGH4IVC,011GRSBBII,5JKI9DX66F,711,GT535YQCLM,148,877,728,940,76,697,T4DJBWDKIU,sdom_202211251415_6,305289,3CQZAE0DAQ,WQI39SAUL8,RK662SY1S1,8M4H4KV1X4,WDH9YEWWCI,XYQ8NS65LB,QADQ7RG3X4,HDQ2QMZWP8,LQFHWUB95X,TEFCM8RSPA,BDVM1A6WOV,68PY4K8NBU,KS6FDZNT1Z,VWIMXQ95A5,S1SRHQLR9X
978231,CSRHHQU657,102314,interac_202211251415_1,SKYG59SKXJ,E4G5VB491R,Android,76F6BDGAFJ,ZGCQ7GBOOT,94UPL06B65,7WUEXNQX8X,CW5JVIFHJJ,631,913,361849,505143,632236,870,YEJJABV0UN,105,593,DXC80RJD3B,829,977,2022-11-21 19:32:47,2022-11-20 14:30:23,2022-11-21 22:39:59,2022-11-20 01:47:11,7NKRGFCXR2,P1EP771C71,GRMKG873K5,2ISN2POTZW,CB3GVI7JHW,9FJVLGCQRL,381320,2506,TYOVTNZYHD,KS4PKGA7LF,SBE0OQNRE2,YBMTSQGE87,185,856S6OOYX7,891,457,275,732,98,358,6FGF3FG6JG,sdom_202211251415_5,492237,34EL7Q4DEP,3E11410WJ7,49WV2F0U5J,5LRT47GOO2,X3FUIPP79G,AB732QKB6E,9CCGBVC8BE,WMML6WZ1CX,166WFTUE1D,QVMXTLP3UN,C96WGF7WQU,ECYETC5PJP,QNZ7NOORTT,GMCN1DXBYX,AR7OWXS548
340185,EGJXECZRH7,379472,interac_202211251415_2,XX5HYCUJSK,2B5Z6QP8Z8,Android,91CDMXR6MV,QQNAJJK5O1,U3EIUJC5KP,P1VYHXICPO,AXPG8GHUQ4,511,903,849884,841027,936950,652,IKL8JYL808,969,436,KQ2TKMVZY1,801,367,2022-11-23 22:11:11,2022-11-22 01:32:47,2022-11-24 14:15:59,2022-11-22 19:03:59,BZ68B03IGY,0L3YUTQGPN,LILF6D690O,INSCH9X3GP,WG4S0RI49G,41BTIU45UO,891735,264420,7SXTDPH3FW,K7N3RY9HJL,F9G2MWBDV1,L08ZMJ9WZ3,101,L88SHIAOL4,367,555,62,663,612,777,6MZT2XLDT1,sdom_202211251415_2,319154,A2J9A77FTV,8EEZUSZ9UZ,UE9YDX7LYD,G2EWNK4NMF,7TDB7RG4QZ,XU2G18H1EK,OTVPGJS5X3,QEANW5U1OR,KQTGIPC311,NOU6RIBVI5,ZK45NI75T0,RYDRNZKL0M,DQH4P36EKZ,ZOJFRFPC09,1H6C4DP3QJ
624285,FDC242HMNM,550361,interac_202211251415_3,5LQ1R3G4RG,CLI4F7IMHU,Android,F50RWWK8CD,O4P9MZFB3I,NIC6J1QDHL,67X9F4D7NT,AK4OKB8LBF,118,693,234431,895255,907523,964,A2B0O1UR90,869,672,5MT5R9OYMH,185,904,2022-11-19 22:39:59,2022-11-22 04:39:59,2022-11-23 09:42:23,2022-11-20 04:25:35,GXCBD45W1I,4NXIH6P18P,QO8WW0VMIA,3QBC4J4MWC,HH2JQC1W0S,8IJAGSVEBG,235353,18149,4KALCRBF1D,XYMY2MV7DI,RBJPXMYS77,BE69FKGBHS,909,HEYY9A3JEC,761,442,223,128,979,992,XNZ7X1PHD8,sdom_202211251415_9,841278,6H6DXOZBNZ,0NIMTC8AGB,5ULBHOW2CQ,27L1G5R9SW,00AU1WXXNU,B8996PIPYA,0PF9MM34DF,GRPIS1OEDV,7BPXF1V1VJ,L0PV53SNFP,AEHXTNWLUS,KBRUL8CV01,JR4NDHG6PJ,BO4Y0XOUKE,JRJK8NSI6E
847813,H2B3KU2VCV,284927,interac_202211251415_4,QTTWCNH4ZF,NYKMR7W8YT,Android,1XNU03J106,RTALI7GDZ7,MYTU654C3X,MM98EDPJWX,1O1BVEE1EK,793,488,859350,124817,74601,35,P8YEP1YHA5,245,498,KYRGAWRRUD,64,260,2022-11-23 22:39:59,2022-11-20 00:06:23,2022-11-19 05:51:59,2022-11-24 14:15:59,ZRABZ8MF9E,17MR0YCGKS,SBAAKMHOFD,0C39L6OCGR,680ZDUJ404,7K6WQHFZ0F,7107,508905,9H5G61XWGA,Z4N5CTJU4E,CYF2ICO6LW,3K4556WD8R,619,D31R187EXF,507,371,70,20,509,216,EUAZ7OCEPB,sdom_202211251415_0,425276,A63U7VU5YW,3ADTTQKIV2,NW18QKURTP,KPS4UZEPKA,GQC6E31JWX,SH40QRLYUO,5OMS5VDEX8,7CXJNTGWKO,5V9ZGNWWIU,LZ6Q3FQ47C,QDN8ZJLBTZ,UGG5UIDSIU,I19HZL2NEW,YC7VO1PT2P,0FALWWFYA1
320941,J1A2F67PHJ,287484,interac_202211251415_5,R7FZ0ILHK7,8DC19UKDW0,iOS,X2C9M631B7,ZBPF0A16KN,GSK1U9W4ML,G80Z9FF6DY,SGMZQUGTVW,977,365,607490,526874,427855,346,K6H2SRJHJD,338,760,NZ7043CZII,314,725,2022-11-22 17:37:35,2022-11-24 08:59:11,2022-11-19 00:49:35,2022-11-21 03:56:47,LXYAYQ7YUU,9FYNJTSQIV,ZGEB8QW2B8,1DM8Z0GLK1,WSE7W9PHAH,U26DF5AXJY,629455,404719,I60K4NXEX7,ZRW9IDEU8G,0WM5QAMXKC,MIT40G70T9,57,0HEEBJT7LI,932,991,852,98,251,454,RW4TYHU4PF,sdom_202211251415_1,117765,JFEN43D1RW,0GFTJ4BGI2,IU42NA790B,85CIKR2WPI,UK56E7IWME,8CFZS95RW2,WWED7W5JGR,6H7SEF3OO7,LTFLOVHF8D,6K7585EPSX,R3MKUS0GEH,232TA3YKLV,P228DGG2PJ,CEMJZCVDRT,ZNXX0TNE0P
431699,L27QG7F51E,85182,interac_202211251415_6,OUM10LLA1T,PLIXUW5OY5,iOS,KSNX8754YH,9MI3WMTFGD,LCX7YZYJEO,EBTFIEWYWN,YCTA4LKTZ2,72,991,572514,132793,172122,135,6NKWYKFJK7,4,287,EPBPJU3ITP,314,160,2022-11-19 11:37:35,2022-11-20 10:39:59,2022-11-20 11:51:59,2022-11-23 10:11:11,D8MO53C01N,KVIU9YSK5G,ULLAV80I38,HJ2KE4EKSR,LCWBWCCN0V,09PBC6TRHB,203995,292894,IATBNW43VQ,K88IKEHRGO,X3NO1NB66R,DGMW8REZZM,344,ZOI9M6RT7H,222,324,189,701,528,629,K8DZA92W9M,sdom_202211251415_3,344691,8TP10A0JDP,C06JFPTZWI,2KP9HF3B6Z,YI8ACRXMNN,L7HX2E5OJ1,OTA1TXVDBK,H7LLNYC8EF,3K9A5NMD2K,548TEJIDCF,J7Q54TWYTI,LPVIN5GQHE,AW4H95GQVX,BWBDQYU9OO,P3HHHAXYKS,QUO9ROEBG5
336368,NKRB7TE4JL,257140,interac_202211251415_7,BKCSCRHHPB,W7UWHKDQ0Q,iOS,LX2L9JTZ45,GPSJYQCBQ5,VM4WHQP71N,7H6FINTEEJ,HVUSBKNT2K,680,291,265687,255999,259909,549,RVCYFD4QVA,876,779,1U8EYSE06Z,500,325,2022-11-19 01:32:47,2022-11-18 22:11:11,2022-11-19 02:59:11,2022-11-23 00:35:11,I0TBPFB0IC,HDN6LSIF75,KCVKBDIQ9N,2LZZ125Y85,ZSGVYPQ88G,UCBBDZX025,608870,678880,SOKO6XTA6O,DB0Q54RYBY,E58D9GY3T0,4BV39AUUJZ,26,C96251VKB2,290,123,636,484,658,488,CNRJWC2XJL,sdom_202211251415_4,424686,BCFUJIKQMH,0NRVKVLTQW,98Y8QBS911,CTDWV41RKU,RO1WUDX2YJ,97B9WS38TO,AQWJU0QMX1,0ONSZ40IZO,O930NHYDX2,EY4KRV33AY,VXH1BFYIQJ,IVGOYXKR22,1U8SZUC2YR,LPE6GF2CBR,173Z93E05G
82846,OIE2AZJLMC,149173,interac_202211251415_8,7EWLJCZJ2R,5WKM112EVP,iOS,IQBO0J88RW,8SECJTPR21,6X0FDEDXL3,2KAKDY4FFZ,E41BKGLTQ4,62,309,761002,278995,349903,886,MKIM8N5IKP,385,946,VYXX05AJW6,9,787,2022-11-23 21:13:35,2022-11-24 06:49:35,2022-11-22 14:15:59,2022-11-22 05:23:11,LIHFUP9RNW,33ZCRO3OQ1,OP8TICLH2Y,VJW9TUA7I6,E2RZLUE0FD,U3A061Y936,290685,821940,Q4MWCX8104,0PVA3HIXL2,31R0NHKSLI,Y4XW34DC32,988,AK4Y6AWYJP,236,612,100,854,930,767,3MB91134EO,sdom_202211251415_7,347859,4WMX4QR50C,KXBOYYRNEW,5YJI88CMDR,BPQPTY6QTA,ADEPY4QP2F,PDYADNBMA7,6B8D0QK88M,COBD2BHCGT,FRL2SF0KT5,CDNGU1V95K,RX0KTMN2VB,Y46KF4JHWQ,XFQIKM4C0W,BG263KF039,K0CC0QBON1
295246,X48PFWQCYJ,149900,interac_202211251415_9,COWBQ1LN12,OX0CLB7WN1,iOS,NK5RK244A0,HFWLSRVY8R,EEXPOJUFS7,T3TQLYVYTX,3TH16W2RGL,555,53,738523,977191,24828,513,N0RNLZUR88,832,139,MEGXOEVV3D,898,229,2022-11-23 18:35:11,2022-11-20 22:54:23,2022-11-20 10:54:23,2022-11-20 13:32:47,VBU5KL6B8F,4G4VBJBBG7,ODYZD4DGBR,8TK5HUM5MQ,GZESU3F5K4,LZ22TOSHMP,981588,436467,3VU9DZDCCW,OD9ASJFYT8,XAXADYCBDT,32YK2WNMR1,676,6914ZVCVV0,831,382,399,767,359,537,4W5I9BKTT9,sdom_202211251415_8,102798,4T89T8PW9Q,UYZP68S6JZ,PO96W0GEDF,DH6P0FDB15,ZOHKI8MTBW,0K8J0VG6BY,MHOUDX4RC0,SJZYP3NHC5,R0MU5ZMHA8,N9KNH99YJN,9KSDDUM7B6,F9OPU23HXJ,YK7TL2D0HD,4IRU7U9IDE,NJK34Y9PN0
571397,0CQELW7XRZ,336742,interac_202211252257_0,LJMGS4AH13,NE5MLLIM17,Android,SQ87CJ1D4N,ABI5TC5XUK,5YTKCEVF5L,JESYQJDVS7,LVHM6JJ60B,237,485,408449,861948,589098,136,DJN59FZ8OC,206,249,W2KX9NCAWS,573,613,2022-11-24 07:49:59,2022-11-21 09:59:35,2022-11-24 05:40:23,2022-11-19 05:25:59,4QHLDH0G6G,UW66VP1HFM,SWI67J3RT6,UV7A2LGU03,8H9DCK58PC,UFOE4KE7DN,528193,455760,7GBESBM44T,3INDOHBFQI,FUMXO9H8IM,KET9X2Z3FC,60,NPG1NZASOR,654,931,218,745,533,644,1G39MGMCEN,sdom_202211252257_4,448430,Q3F6FGZ44W,C9SIVUPS4D,RJIU842DF0,7PWW1J6WIC,X1BL7X1BIC,BVUCY7RQUJ,HEE2F5N86Y,8H5GOT05BF,8KISXRF6OA,74B4R7GAXY,3ALPGPO3IH,5HFYSXVY7B,RSS7EZZSXM,RV2T8HOQS0,3K6UTQLMC7
21413,4INT8VU1T6,138331,interac_202211252257_1,CSAMB2RTWJ,L9699LLBPT,Android,4LQFI3PWL4,ZR9EOC6BLK,NRJ7TVYB4K,E81Q9BE4PQ,QH4UGQZLDS,160,317,811699,502171,122086,280,OEO7WO2T5Y,547,593,JE4ZI701ZL,8,133,2022-11-19 18:52:23,2022-11-22 12:23:35,2022-11-20 21:01:59,2022-11-22 03:30:47,RSPL1FGO4P,DLLO1TMKJ1,F3S5E8RA3S,YLTEC6VTB5,OOCNL7E2YP,GTDNK4A1Q2,240414,772339,7BVV3JHMWG,OR13XR4L3I,OXYZE1TBV3,W13U0346LU,868,UV7XK7U8YL,459,130,232,768,525,737,GZSVLK9ZE2,sdom_202211252257_9,956752,3KGGJV8CCB,38S4V5CAFP,TY6THJTNBA,TG5BIRCT9O,690IACJ1YP,85837EFJLX,JTYBW5LB00,34LMI36WJQ,5TGVHU9MPS,0ORPV40TAV,J6BKQWNQNV,NY0G73SDET,UJORQUQ0P5,LSG8TDLHLO,RDMQH82GPY
627772,7Y8UT0FWX3,701699,interac_202211252257_2,Z124J7J9VR,ECDUUY9V8P,Android,CFUCUZRRSC,2QDCXSBMFW,V8J2Y89T6R,P54KJKSRAU,1496DAD11E,686,517,715062,975993,494522,538,BF848AMTDT,122,298,TADGPFS6FL,710,150,2022-11-22 19:35:35,2022-11-20 01:35:35,2022-11-19 17:40:23,2022-11-20 08:18:47,8IWPNK72Y0,MWESGYYM4X,EA08X7RCTY,7WZC4TYFD9,L416HHSJI2,I4ATB4D51E,946247,740296,JS5M8C3F6U,ZWP1PJ1I08,YAUE2NQBX3,UHPC2WDFKC,297,FFY08XUBE5,756,115,756,829,666,410,VJADQ76NBF,sdom_202211252257_8,519033,GVNEGGHDCC,U9N3CG9WIP,5KNVI1VBZC,JOY3BJ984T,XJXRHUFG8Q,1O6W40M4UL,KLHH40EVFN,F64RSR7955,6PDUN4TGF7,VIR34CY4SR,HS4FOA7JEX,OI2U89IARB,CJLNZDDOG2,C35WLZ0AOY,LJ28BGKFH3
899728,8IUEX299JC,876072,interac_202211252257_3,G1D814PVHC,Z1YZ7L01H6,Android,D2762HP1MT,C21V2T8UKB,86C5ITZT4K,G3BJIKD4LG,UCJVGE2307,691,726,244560,818578,453411,63,57WMD6BWJV,814,154,6UORMJPBYG,936,708,2022-11-20 05:11:35,2022-11-20 01:21:11,2022-11-24 21:30:47,2022-11-19 09:01:59,NQYV8ALTAE,H1GV97GJAR,IPUS0YQ0IM,KDMMA89SEX,1IOA5AYSP0,UJK25LSZO8,850489,3367,47EN60TXK3,FZV8ANZRJ4,U1F22VRBOX,SU2N6C9X7Z,917,KUG4WK6WA7,918,422,419,430,735,533,6WEZ0RK05H,sdom_202211252257_3,157895,PUNSK9PCEO,ZM3R2VYMEJ,9QELM5JUC6,DG64YW0YCE,0XUYFDGX52,DQ5WQYDC22,SA5XRSGHQX,C5YOW7YGX1,JXID1ZVGK8,FSOTUVVJ34,U4C02PCYEZ,3CU4KS3VW5,9PJGVOYTW9,WU9RWV1X2C,037XM4Q2EB
945872,B5TFK2A1VQ,290170,interac_202211252257_4,W7TZGF70G3,6A5P60FF8B,Android,ZFSFOXCQI7,IFSWQEQHY6,BKWA6GRY2D,WKO8QA51NZ,DXRO3G2QJZ,940,146,775191,194784,158274,464,CS7WTMZYKX,747,196,UUCFV7CF2D,86,197,2022-11-24 19:21:11,2022-11-19 09:59:35,2022-11-22 16:42:47,2022-11-22 21:01:59,R3NGUHQ4EJ,IRQSLPB9X4,DH6XCNYLJT,8PY82HKRK2,W6PVD871UP,9VRF9HI77D,787084,504317,WYAP9S2FYK,7YVLGIQZEW,KGSCU1YXTI,OGH105UUF6,425,2P2E1V2EYH,725,815,318,947,240,126,GAYM9UOUPA,sdom_202211252257_5,224244,4HK6CNWQUQ,NAUT0ICK6L,C84OWEALJ4,MG5TQ8XAYE,BF1O6Z9VSP,SQ2SUPX1D5,LPEZFLRX5E,Q0CMHBBJLV,JTQ3M7WBGT,9AUE3AX576,54EOUJCLUN,ONXHKNKDX5,WLMO5Z03QC,AWJPXZZDMQ,TTNJTZ0SYO
828991,FIM9I0L06C,4002,interac_202211252257_5,R7WZNOXZFA,R0HN7VVM02,iOS,1Y5A3U15L6,MPEVDX5N6I,6VV36UR5R3,5WXIWQFYUE,CABTWXKF4D,265,675,759350,85809,40955,280,ZSQ2K6VSP6,307,79,ED6OVA54A1,859,527,2022-11-24 15:30:47,2022-11-21 06:52:23,2022-11-23 15:16:23,2022-11-19 05:11:35,0R8IRSBS3Y,LMN8K7DEU3,JX8X83KCKR,CF9NQKRS1M,5MWOZLM49B,R6Y3YY5SNW,892294,194858,4XW9WMZT1L,1Y2CZST72S,SQZWXGOFDN,GI9FS0QPLP,108,F8FVAUIJCU,628,62,687,216,433,50,5FB6NBG7ZM,sdom_202211252257_2,327607,NCRIY8RB1Z,UL9JBGOWYC,5K78K263S9,3LJFE96HK1,NXTV3235OD,6DLNBKBHLA,ZBZVKB8P3F,81BACLB7JP,KLQA0IN6DH,VAXKIB4Y73,P4W0R2QJXR,2I0ATXD2AP,Q0WG1KHN0T,EWZR5D1QKZ,UGCB599WHI
966364,O02TR56Q2P,178927,interac_202211252257_6,PVGUG0FEQW,BOKN2ZAS1Q,iOS,AU7O8MPE29,UVI83GWSHX,MC39TTV7TI,GF52RI1PHA,QERB6YGBAJ,964,481,395667,913139,566492,177,VHHPZVKM64,628,126,ABQ8M2TL29,808,453,2022-11-19 12:23:35,2022-11-22 19:06:47,2022-11-20 20:33:11,2022-11-19 06:09:11,RHZRDFVS5J,9W4HIB9GNR,TBSRUC6BDO,17S5DRPOPG,S5W3FIGTHO,UIKMQU0D3P,855818,112852,U3WTO5I17B,Q5OXLPVFF0,JO9GO3RLIQ,F85U1B1O65,739,SYFJFJBS3L,734,241,948,418,402,937,C3TKV3T0R6,sdom_202211252257_6,286953,2X8CK1KQG7,F0I6G79U90,RWGUK9XLUD,C4GJU8K48Z,VS4SUW0342,IMYY1AYDR1,19M2PXIE9Y,H2OVN829ZG,W98AX4UMVW,6KWK01580R,F9XIKUT8PX,DYQZNDAEPP,16ITMOFCN2,PT8P7JSYCE,ZXFZZNHYFW
29589,SVZ1Y348TS,400911,interac_202211252257_7,IYHHVY06W4,3A3AP090OS,iOS,Q6OBYLS8VS,U2NXKARH39,WDUFTF1VK3,4IAKXWJI1Q,KJXRM5ZJB1,805,154,770127,34172,845865,616,745UEU6SNT,794,131,798701AHDC,584,572,2022-11-22 07:35:35,2022-11-21 21:16:23,2022-11-19 02:04:23,2022-11-19 00:23:35,AT1NLUWZWT,DOOKBWO5E3,H7VXMTNPQR,HEBCUTPFSH,3LNR9MAY37,MFHOO8ZD76,64665,34985,DZZFGYRK3E,NIHGEHQT7F,FNH1W84WPC,QWJ0GR18ON,46,FKARL4NLUH,815,642,711,255,977,786,92AUIPL6SI,sdom_202211252257_0,663782,0X7BA41Z2A,SOFBRGBCM0,28QICKL7ME,SVZYDYON44,QRO6T2QHKW,QRRBXWT686,U4ZL6R31LP,ZCKCC66I0E,V9LO3NZWI6,YU82SGAJQQ,3GHUEA28PQ,SYNE5MRV6O,H8KG72D8BE,U4U15FWNMQ,HR4KBPJU4D
261109,WDG1DQJMFH,505421,interac_202211252257_8,TSYXWD4IR1,A26ZM0VMY5,iOS,7A56W2GMPK,Y23416DCV1,T6O5YRD1GY,CW565ZR6W0,GJ1TGTN3VE,595,538,797426,900461,834973,409,HL9WOZICKC,864,303,V47SRL2TSF,249,77,2022-11-22 20:04:23,2022-11-22 01:49:59,2022-11-21 22:28:23,2022-11-23 22:42:47,3C8E8WMY7E,PYFKMIJPZW,QXC99AUNCQ,U7XRLEPDNH,R9CC04407O,EJVCHEKICG,329939,696814,BXC0NIGX34,F3T3NUYPC4,OVQSNEU9QY,0FVFI8SSEE,318,AGALVH98OX,670,989,180,581,394,112,G6U8TYUI8F,sdom_202211252257_1,188232,0ET6Q28E95,FMIEFAH59E,4C4GGHPV3M,8WG09W42YM,IO83R3C9QU,I3GI6JXMAN,B1YC91VI6H,1O78OS5VQQ,KZT9Q95JEI,FRL30LWHJH,FHBA225RYM,MI24JMB6T2,9DD4GS9XPZ,DR7GPNNCO2,KXP7QZDYSR
824243,WVQ58XSP2V,982503,interac_202211252257_9,AJ8TJBQW12,5A6EI9FB7Q,iOS,OEIGMYTA7Q,VV89JWK5EW,7CBESD13TB,6AOWSCRSAV,FCZUMADA9N,671,111,223470,549526,330804,469,SHNAQMI7PC,588,963,C3MDBJOK2G,463,483,2022-11-22 00:23:35,2022-11-22 13:35:35,2022-11-20 02:47:35,2022-11-23 18:09:11,1QT2MTAYO0,V85E3N6VYI,JP07QHLFN2,4Q44JI7KIM,FO4HRN123B,D1NWFC71EF,963717,921293,S3YJCFW8GC,8PKCA1TC0C,5RAURE9TBM,L2PI6J1PDG,697,ZV0ARTRHM2,589,42,488,947,602,671,B6AWAEAL73,sdom_202211252257_7,58481,9UTU744668,RO7XP6OF2C,4HOQHF807N,ZLBAIUQLRZ,Q3S5POK5UD,824OF5JHZP,W0FF7OG3BC,TUD096K53L,KXOZRCC7EE,YXVWP6UZP6,EEB9FPVY1P,46EA0TN69R,5GMW76F93V,MC4ZI9RH82,ECCCCIZ27U
315085,4L6QQWS9UB,907662,interac_202211252300_0,HWOT0I7D95,X01NLE1NB3,Android,VEYCZXFKYE,2D4C7K7J0J,GMF6MMWY0B,XTS7ED0OWI,C0FYTRYUD0,240,347,887155,304508,620540,485,Q7V5UV7KEV,475,553,7X4XB0YDKS,282,890,2022-11-24 03:05:39,2022-11-20 02:22:27,2022-11-24 00:27:15,2022-11-22 13:39:15,0THUQ37B6P,U71SF3VVFW,U0742BPSGI,D8YQQF0I7U,TZS0OCFM0Q,2MKJU4QQ9Q,654717,429178,1SXHQ5FAQZ,WIRC2LCUHC,2NPTNRCVU5,X0XLNVHDY6,31,3K4RGIDBAO,264,461,299,716,656,365,RFG5WZC2PI,sdom_202211252300_2,512273,5AKDJTPHSR,JDMU9RMBM0,WUID9W5VNY,5PXWU9MQ68,5VOJ2WJU8V,PFVXQXF1HS,JWJ0P4EZ9V,UPIL5EK4HK,NZUSS6SQW5,DBGRICD21Y,7AA338RRMC,0DHE2ASGDL,625ODN13WB,4O5M17CSUM,VYNINLFJQC
856766,82QFCLFMFJ,106067,interac_202211252300_1,BC21Y67U4U,XFQ4ETX2K2,Android,F27XIWPZKY,G9UVWPMW6Q,QV44MBL1TY,8YTU24WFV5,MQKS9CU0C7,407,936,517796,772374,232868,746,FTFCY3BMN7,944,308,ANOUUK2SEG,541,669,2022-11-19 23:58:27,2022-11-19 11:58:27,2022-11-23 06:56:03,2022-11-23 23:15:15,X2FTUXMCHY,8PIIJRXQVG,239J283LEQ,5OEOCUVO5N,AGI6Q5YDY8,CGMDD0TWFQ,960292,652213,5PCKEHH90Q,7RBVQPTVTY,YLE69GDY0T,EP7E66V75A,249,CYDZ9WOOZM,504,81,128,294,420,409,FMPWS4HAMT,sdom_202211252300_9,7322,3K7WLCWRRQ,AVPO4R0QR9,DGO2CRH17G,N13TWKD4XT,UTP1ICQQLV,OF04ARNJDV,UA2Q3M26Z6,598YYFFDHZ,YW4GFBBNP7,CB8GZKWG90,AU0XFW76YO,RZ1C4SIJLT,9MKE4LLMPM,C1IGX8R9KZ,NLAJ7AY8UA
351885,C9OGRRJJZF,781708,interac_202211252300_2,RWXE0HT5TQ,9OC20G4EPS,Android,GDO0XROWNR,JG922QP9X6,DOUCA32EF6,SWDMWUJURS,7WR8SIKW1W,530,644,800584,665674,129538,602,YIA5VXYG3X,675,632,JX718QQDLB,521,589,2022-11-22 16:17:39,2022-11-20 17:29:39,2022-11-19 20:51:15,2022-11-19 03:48:51,2BSMT3PBE9,3PDQW82FJP,YAARBUQ59S,DPX7N4SE96,ZMWU096ENO,5Q7HEW90FD,654584,657909,DEK102T98Q,5ZOWT1P94I,JEUK3SBH3B,5QCI6Q703F,633,2H8WN99S61,719,460,126,133,984,348,YQ0ZV1CLKN,sdom_202211252300_7,761514,NIYQG6HVMH,YLXCZXIAFG,HTYC80DQO0,CPQHTIBMZQ,0C5JLX5JPO,CZ1ZF7TG1N,0SSLK6MS4J,XZWBWV978O,SKZKBJ99YU,0F7ECEAP18,KIDFCUJS2P,ARRHIFSNTK,HJECTAWS5J,ZZVVYZIP2R,QZCS4FYU5G
966396,DITHX3JSB4,424968,interac_202211252300_3,JXAZMZUXWT,WO61ATFG0P,Android,6N2S0RR3VQ,DDNY2VM4KL,QEQMC1XDA3,UYD7EU3G8K,20WGGLQ1T1,836,165,211169,76386,179729,264,SYBMAKP1P9,338,262,D7JULSE5QT,477,913,2022-11-24 17:15:15,2022-11-21 02:36:51,2022-11-20 12:12:51,2022-11-22 12:12:51,9TLFR306A0,13PECDFYPX,MH736ON910,C4BHZ5NEJF,ON3XELQW2U,BZBFSVR5LE,475202,979608,H2QWCE0NJ4,W1THKJY7OY,86GIMLHGAU,MMY2QAEODQ,654,B1QX6NBET5,909,99,527,77,125,511,UD8731N67W,sdom_202211252300_6,252655,BXFOI7VA7B,Y4EUDBYPQX,W3C51QK7JJ,5IGUAZW1HU,4JD8ROW1AU,PH4WGNF0CU,T5SVJ5XVFD,6DGARNH27S,6ZRLUHS5ML,TKKJ9FTLN1,JUAPRRPOK7,7QFJX015OR,O2POOU9KO6,28072GQ62X,BNOI6219XP
848055,G6NK7YE15M,418664,interac_202211252300_4,9HIK1L29GW,LNRG75KJUL,Android,0GMFMQRRHA,NYL8BZJGVF,CO0NQTVI6U,YIOAMNEG4E,5DCW00PSDX,856,134,813615,898422,366290,843,VXXC22YBY6,91,275,RBZDBGXSSY,770,300,2022-11-22 01:53:39,2022-11-22 16:03:15,2022-11-22 01:53:39,2022-11-20 00:41:39,Q5EFBVBTAH,G6RHIL79OM,GDTX3YFCW7,C1GEVB7XD8,76NZNIG17J,1XNU8S642P,640281,679759,RMPDL79VT3,IIZQDKOKSO,C12JT53OJN,G4D0FGMR8U,604,3E4T8OSG0N,558,939,846,654,994,426,I2398QC75G,sdom_202211252300_8,680771,3UOYQQC955,WSQW0D2HFY,J4V975TT6A,LCQ5J6M4AA,TEXC7GO8I9,7TIQFODIFY,YTMJVNPES4,4J0A722MR5,SH0XJXOAP8,DXO4JSSKVE,Y7H2SRI9SW,BA44QBTB0Q,EE7K185DTS,3IF2EX590P,BBHKEQDRUA
496064,GIRUOJJWOV,945841,interac_202211252300_5,6Q0H1UNOU0,EF1OIBGR1Y,Android,94WQRYVLOL,62EGVVSKGX,0JRN22RKK8,VS6K3H4PFL,BAH70LC9QT,638,112,689661,613320,211141,1,GVXP9ILSS9,98,65,2ZKAQPL4I4,70,623,2022-11-23 16:32:03,2022-11-22 11:00:51,2022-11-20 20:51:15,2022-11-19 08:36:51,DOTCDR8GDK,TQBZN8Z8TE,U82PM6AF3I,2CY2NOI6KJ,DIB21CJ8WL,D7ACE3R81Q,769343,668004,FM1N7ILJL4,51C791R5ML,59K9CSTC1C,A2CG6TU5QD,944,NI9WN5VJYT,723,202,531,226,435,443,S2P1MTA7VM,sdom_202211252300_0,164381,ONXVDTFZNZ,F6VHSYAHHN,QITP7QU1IG,O7L9QRUT1X,LKLMYV9HFX,V1PYP8NS94,FZXZ7L1BUE,9JFBNN4I3E,TH5GPLP4K9,HGRJIGJZ87,T3ZG4VSTSP,8HQZAA9OXI,R2XNQE9NAN,7MHYDN0LP7,O5ALE6PFKF
800629,TDQVJ6PI92,376083,interac_202211252300_6,P4HHZE50XM,O7I68OVLWR,Android,MPKR7G1RDC,JEKB6BXHQ8,JZFAK0SS2Y,06RACV6RL8,UOVRZO45SC,969,957,809776,195856,890634,169,5P0CP6UI5S,348,66,35O8EI42KK,196,646,2022-11-22 08:08:03,2022-11-20 13:24:51,2022-11-20 14:22:27,2022-11-24 22:03:15,48YYMBPFC6,P5GHSVOW4D,1USIC38VFY,P9VSBHKIV3,JAACRK1OVM,Z69RZ27XCV,814403,526859,OGJO1RUWTU,YF5W06PARB,Z4VNV8X4I1,SLC3VCUDNZ,177,MDD8GFUQ2P,568,643,727,106,747,47,930TGPFRDC,sdom_202211252300_5,702859,13SNED4V9L,UNFHB263SP,P6E169NEGF,SB3PWPKD21,YV4M5I9W6B,TXMCA8EJDD,8JNFJLYAZH,7LO0PAKF40,OD4CM3G055,HTND7NHNLY,NTFXOL25EL,F2O8RHYO00,8E3AQ6FDAZ,I0428Q1RFC,GBMVJ48UBM
698872,VON74G6U0Q,806383,interac_202211252300_7,H7NR9NJ63K,YDUPCDGAWP,iOS,T9BABBEL9Q,P2ANGEY7O5,FTU55L19IR,LFCH4TTOV1,1IUQLWRR67,273,616,160899,921404,699644,121,DNRDU0DWCV,170,890,O86RIY90WJ,225,10,2022-11-19 08:22:27,2022-11-21 22:03:15,2022-11-23 10:46:27,2022-11-22 10:03:15,8KFBIH1SDA,DYD365HSP5,1K38QLTKS0,H2P9MMCFI7,SR8PT6K32D,DS1KIW51IC,692479,744775,2W5IE3BWMF,S0F86IUT9Y,PTZVNQ08UN,DUCFZIEUKE,591,2T2F1G43ZW,298,363,817,986,128,449,PUMIE70V6Y,sdom_202211252300_4,990747,99A6WCA7FL,79EUBHPRG1,HX9KXYLPBO,X164Z8BMYT,2XCDVIK81H,J8DUSS6G7L,RYABA44UNN,CD5QJJ9L5J,7POHI0EJ6T,BBCVUT84AE,1UMXUZ93LH,HYS5XVSPQK,8G3DZU0UBF,KJU0U059NP,W4Y01M1VUN
511746,XWQ8KL67FA,246950,interac_202211252300_8,VK7ERFCJII,1DQZFCBO5T,iOS,NE1W2SRV9C,RWQTC0CHC8,EYDNZQ3NU8,AV8J7J36GO,CK4XM02NU1,591,215,815107,900388,501767,710,63G4WCM23N,335,525,HOK8CKU1SP,350,381,2022-11-21 05:15:15,2022-11-19 21:34:27,2022-11-19 03:34:27,2022-11-19 04:32:03,DGEUQILTJ7,PZFBP5QWF0,ZKWT1NWXBN,SR0LS4QLG3,GS9TTGZMA4,4IKR6EA7M8,631693,227517,MWFCNECYF5,N3AGTYKW4V,T6Z5SVN6IK,2JZX6X9XAT,27,KFPBWEOP3K,490,804,923,93,484,271,QFUOMEF33F,sdom_202211252300_3,999273,7BHHW95K1J,C3RA9GID1B,TADR627T2V,X5Y0JL9N8E,00PSRQ956W,Y2G4RTNWUB,8SI3YR2T7N,A0NHPAC78C,AVRR6O9965,7Q7T8RS9NG,ZVBYDBNGYE,V6BKHX661R,KFBNG9P2IO,OVKTJMRGIS,BW9LKXGGLS
891307,ZNTEI22ZZS,213943,interac_202211252300_9,JBK84RJW3I,RHC3Y4AZOK,iOS,TIKMNL6TBG,VTD1AOVYTQ,POQRJTR65B,QE0TUUALF8,ZFIF56E1DQ,829,92,548417,942171,357835,964,0PIMHH1K4Q,547,31,UJ2FBE6COO,112,280,2022-11-21 21:20:03,2022-11-20 04:03:15,2022-11-21 07:53:39,2022-11-22 19:24:51,ZSWQLCU6WM,0EJH8T154X,SV9X9P9D06,6RWHYYGR32,9YCPN2DP07,TKKU3WKEFF,252515,867575,4R32R98ITP,BI7SPNIOBG,GSQCKI0MHO,892KRTML8B,743,TQY8VNNNNM,326,399,783,524,461,302,QSG05ZWL17,sdom_202211252300_1,454971,XCSMJ9X889,5BVDN9JKP8,THI2DLFORO,WYBG6S74KE,KNFJFQQMZ7,SEWXXS4YDM,87KGFR063R,FKD519FIHY,68ZIY9CRSZ,QYRRRPQJHK,BP0FT61U8H,O80OV5U3IQ,WI4EDNECT2,6GAF26O1SL,C31ZKDBDHC
